Actor1CountryCode,Actor2CountryCode
USA,USA
NIC,TWN
NIC,TWN
NIC,TWN
NIC,TWN
AFG,AUS
AFG,AUS
ARE,SRB
AUS,AFG
AUS,AFG
AUS,USA
AUS,USA
AUS,AUS
AUS,USA
AUS,USA
AUT,ESP
AUT,ESP
BEL,ISR
BEL,ISR
BEL,ISR
CAN,ITA
CAN,ITA
CAN,ITA
CAN,ITA
CHE,RUS
CHE,RUS
CHE,UKR
CHE,UKR
CHE,UKR
CHN,NIC
CHN,NIC
CHN,NIC
CHN,TWN
CHN,TWN
CHN,TWN
CHN,TWN
CHN,TWN
CHN,TWN
DEU,EUR
DEU,EUR
ESP,GBR
ESP,GBR
ESP,USA
ESP,USA
EUR,EUR
FRA,FRA
GBR,AUT
GBR,ESP
GBR,ESP
GBR,ESP
GBR,GBR
GBR,GBR
GBR,GBR
GBR,EUR
GBR,JOR
GBR,BGD
GBR,AUT
GBR,AUT
GBR,GBR
GBR,GBR
GBR,GBR
GBR,GBR
GBR,BGD
GBR,IRQ
GBR,IRQ
IDN,JPN
IDN,KOR
EUR,EUR
EUR,EUR
EUR,EUR
EUR,EUR
WST,ITA
WST,ITA
WST,NOR
WST,RUS
WST,RUS
WST,UKR
IND,PAK
IRN,DEU
IRN,DEU
IRN,FRA
IRN,FRA
IRN,IRN
IRN,IRN
IRN,IRN
ISR,BEL
ISR,BEL
ISR,BEL
ISR,GBR
ISR,GBR
ISR,ISR
ISR,ISR
ISR,ISR
ITA,CAN
ITA,CAN
ITA,CAN
ITA,CAN
ITA,WST
ITA,WST
ITA,WST
ITA,UKR
ITA,UKR
ITA,WST
ITA,WST
ITA,WST
JOR,GBR
JPN,IDN
JPN,JPN
JPN,KOR
JPN,KOR
JPN,KOR
JPN,PLW
JPN,TMP
JPN,TMP
JPN,USA
KEN,MCO
KOR,JPN
KOR,JPN
MEX,USA
MEX,USA
USA,RUS
USA,USA
MYS,BGD
MYS,MYS
BGD,GBR
BGD,GBR
NIC,NIC
NIC,TWN
NOR,WST
PLW,JPN
PLW,KOR
PLW,KOR
POL,USA
POL,USA
PSE,GBR
PSE,GBR
PSE,GBR
PSE,GBR
RUS,CHE
RUS,CHE
RUS,RUS
RUS,RUS
RUS,RUS
RUS,UKR
RUS,UKR
RUS,USA
RUS,USA
RUS,WST
RUS,CHE
RUS,CHE
SRB,ARE
SDN,SDN
SYR,SYR
SYR,SYR
THA,CHN
TMP,JPN
TMP,JPN
TMP,KOR
TMP,KOR
TTO,CUB
TTO,CUB
TTO,CYM
TWN,CHN
TWN,CHN
TWN,CHN
TWN,CHN
TWN,NIC
TWN,NIC
TWN,NIC
UKR,CHE
UKR,WST
UKR,ITA
UKR,ITA
UKR,RUS
UKR,RUS
UKR,RUS
UKR,RUS
UKR,RUS
UKR,USA
UKR,USA
UKR,RUS
UKR,RUS
UKR,RUS
USA,AFR
USA,AFR
USA,AFR
USA,AUS
USA,AUS
USA,AUS
USA,AUS
USA,CAN
USA,CAN
USA,CHN
USA,ESP
USA,GBR
USA,GBR
USA,GBR
USA,GBR
USA,IRN
USA,IRN
USA,KOR
USA,KOR
USA,RUS
USA,RUS
USA,UKR
USA,UKR
USA,USA
USA,USA
USA,USA
USA,USA
USA,USA
USA,USA
USA,USA
USA,USA
USA,USA
USA,USA
USA,USA
USA,USA
USA,USA
USA,USA
USA,USA
USA,USA
USA,USA
USA,USA
USA,USA
USA,USA
USA,USA
USA,RUS
USA,USA
USA,USA
USA,USA
USA,USA
USA,USA
USA,USA
USA,USA
AFR,ZAF
AFR,NGA
ARE,SAU
ARE,SAU
ARG,MEX
AUS,MYS
AUS,MYS
AUS,NGA
AUS,USA
AUS,USA
AZE,AZE
AZE,AZE
AZE,BEL
BEL,AZE
BEL,AZE
BEL,WST
BEL,WST
BEL,RUS
BEL,RUS
CAN,CAN
CAN,UKR
CAN,UKR
CAN,WST
CAN,CAN
CHN,CHN
CHN,CHN
CHN,CHN
CHN,CHN
CHN,CHN
COL,COL
COL,ESP
COL,ESP
EGY,USA
ESP,COL
ESP,COL
ESP,USA
ESP,USA
EUR,NMR
EUR,UKR
EUR,USA
EUR,USA
FRA,FRA
FRA,FRA
GBR,GBR
GBR,ISR
GBR,ISR
GBR,USA
GBR,GBR
EUR,WST
SEA,CHN
WST,AZE
WST,BEL
WST,BEL
WST,CAN
WST,EUR
IRN,SAU
IRN,SAU
IRQ,IRQ
IRQ,IRQ
IRQ,IRQ
IRQ,IRQ
ISR,GBR
ISR,GBR
ISR,MYS
ISR,MYS
JPN,MYS
JPN,MYS
KWT,IRQ
KWT,IRQ
KWT,SYR
MEX,USA
USA,USA
USA,USA
MYS,AUS
MYS,AUS
MYS,AUS
MYS,AUS
MYS,ISR
MYS,ISR
MYS,ISR
MYS,ISR
MYS,USA
MYS,USA
MYS,USA
MYS,USA
MYS,USA
MYS,USA
MYS,USA
MYS,USA
NGA,AFR
NGA,AUS
NMR,EUR
POL,EUR
POL,EUR
POL,USA
POL,USA
RUS,BEL
RUS,BEL
RUS,BEL
RUS,USA
RUS,RUS
RUS,RUS
RUS,RUS
RUS,UKR
RUS,UKR
RUS,UKR
RUS,UKR
RUS,UKR
RUS,UKR
RUS,UKR
RUS,RUS
SAU,CUB
SAU,IRN
SAU,IRN
SAU,IRN
SAU,SDN
SAU,SDN
SAU,SDN
SAU,SVK
UKR,CHE
UKR,EUR
UKR,RUS
UKR,UKR
USA,CHN
USA,CHN
USA,COL
USA,EUR
USA,GBR
USA,JAM
USA,MEX
USA,USA
USA,MYS
USA,MYS
USA,MYS
USA,MYS
USA,USA
USA,USA
USA,USA
USA,USA
USA,USA
USA,USA
USA,USA
USA,USA
USA,USA
USA,USA
USA,ZWE
USA,ZWE
USA,USA
USA,USA
USA,USA
USA,USA
USA,USA
USA,USA
USA,COL
USA,RUS
USA,USA
USA,USA
USA,USA
USA,USA
USA,RUS
USA,USA
USA,USA
USA,USA
USA,USA
USA,USA
USA,USA
USA,USA
ZAF,AFR
ZAF,ZAF
ZAF,AFR
ZAF,ZAF
ZAF,ZAF
ZAF,ZAF
ZWE,USA
ZWE,USA
DEU,USA
DEU,USA
NIC,TWN
AFG,AFG
AFG,PAK
AFG,AFG
AFG,AFG
AFG,AFG
AFG,AFG
AFG,AFG
AFR,USA
AFR,USA
AFR,USA
AUS,NZL
AUS,NZL
BHS,USA
BRA,USA
BRA,USA
BRA,USA
BRA,USA
CAF,TZA
CAF,TZA
CAN,CAN
CAN,CAN
CAN,CAN
CAN,CAN
CAN,GBR
CAN,GBR
CAN,GBR
CAN,GBR
CHL,MEX
CHN,CHN
CHN,CHN
CHN,TWN
CHN,TWN
CHN,USA
CHN,USA
CHN,VAT
CHN,CHN
CHN,CHN
CHN,CHN
CHN,CHN
CHN,CHN
CHN,CHN
CHN,CHN
CHN,VAT
DEU,CHN
DEU,CHN
DEU,CHN
DEU,ISR
DEU,ISR
DEU,MEX
FRA,AUS
FRA,CHN
FRA,CHN
FRA,CHN
FRA,FRA
FRA,USA
FRA,USA
GBR,CHN
GBR,CHN
GBR,CHN
GBR,CHN
GBR,CHN
GBR,CHN
GBR,CHN
GBR,FRA
GBR,FRA
GBR,FRA
GBR,FRA
GBR,EUR
GBR,EUR
GBR,EUR
GBR,EUR
GBR,USA
GBR,NZL
GBR,NZL
GBR,USA
GBR,USA
GBR,USA
GBR,GBR
GBR,GBR
GBR,GBR
GBR,GBR
GBR,EUR
GBR,SYR
GBR,SYR
GHA,GHA
HTI,USA
EUR,GBR
EUR,GBR
EUR,GBR
EUR,GBR
EUR,IRL
EUR,IRL
IRL,EUR
IRL,EUR
IRN,EUR
IRN,EUR
IRN,EUR
IRN,EUR
IRN,ISR
IRN,ISR
IRN,ISR
IRN,ISR
IRN,ISR
IRN,USA
IRN,USA
IRN,USA
IRN,USA
IRN,USA
IRN,USA
IRN,USA
IRN,USA
IRN,USA
IRN,USA
IRN,USA
IRN,USA
IRN,USA
IRN,USA
ISR,PSE
ISR,PSE
ISR,PSE
JPN,KOR
JPN,KOR
KOR,JPN
KOR,JPN
LBN,SYR
MCO,NZL
GBR,GBR
NGA,FRA
NGA,FRA
NGA,NGA
NZL,AUS
NZL,AUS
NZL,MCO
PAK,QAT
PAK,QAT
PAK,USA
PAK,USA
PSE,ISR
PSE,ISR
PSE,ISR
QAT,PAK
QAT,PAK
QAT,UKR
QAT,UKR
QAT,USA
RUS,CHE
RUS,CHN
RUS,CHN
RUS,CHN
RUS,USA
RUS,RUS
RUS,USA
SAU,LBN
SAU,LBN
SRB,ARE
SRB,USA
SRB,USA
SRB,USA
SDN,SDN
SDN,SDN
TUR,SYR
TUR,SYR
TUR,SYR
TWN,CHN
UKR,RUS
UKR,RUS
UKR,RUS
USA,BHS
USA,DNK
USA,EUR
USA,EUR
USA,GBR
USA,IRN
USA,IRN
USA,IRN
USA,IRN
USA,MEX
USA,PAK
USA,PAK
USA,USA
USA,USA
USA,USA
USA,USA
USA,USA
USA,USA
USA,USA
USA,USA
USA,USA
USA,USA
USA,USA
USA,USA
USA,USA
USA,USA
USA,SRB
USA,USA
USA,USA
USA,USA
USA,USA
USA,CHE
USA,GBR
USA,GBR
USA,RUS
USA,RUS
USA,RUS
USA,USA
USA,USA
USA,USA
USA,USA
USA,USA
USA,USA
USA,USA
USA,USA
USA,USA
USA,USA
USA,USA
USA,AUS
USA,USA
USA,USA
USA,USA
USA,USA
VAT,CHN
VAT,CHN
VAT,ITA
VAT,VAT
ZAF,ZAF
ZAF,ZAF
BLZ,BLZ
AFG,USA
AFG,AFG
AFG,AFG
ARG,USA
AUS,AUS
BEL,EUR
BLR,RUS
BLR,UKR
BRA,CHL
BRA,CHL
BRB,BRB
CAN,AFG
CAN,AFG
CAN,AFG
CAN,AFG
CAN,GBR
CAN,USA
CAN,USA
CAN,CAN
CAN,CAN
CAN,CAN
CHE,RUS
CHE,RUS
CHE,RUS
CHE,RUS
CHE,USA
CHE,USA
CHE,USA
CHE,USA
CHL,MEX
CHN,IRN
CHN,IRN
CHN,IRN
CHN,IRN
CHN,USA
CHN,USA
CHN,USA
DEU,IRN
DEU,IRN
DEU,IRN
DEU,IRN
EGY,USA
EGY,USA
ESP,RUS
ESP,RUS
EUR,IRN
EUR,IRN
EUR,RUS
EUR,RUS
EUR,RUS
EUR,RUS
EUR,RUS
EUR,RUS
EUR,UKR
EUR,USA
EUR,USA
FRA,IRN
FRA,IRN
FRA,IRN
FRA,IRN
GBR,EUR
GBR,IRN
GBR,IRN
GBR,IRN
GBR,IRN
GBR,IRN
GBR,USA
GBR,USA
GBR,USA
GBR,USA
GBR,IRN
GBR,IRN
GRC,USA
GRC,USA
EUR,GBR
WST,EUR
WST,EUR
WST,ITA
WST,ITA
WST,RUS
WST,RUS
WST,RUS
WST,RUS
WST,RUS
IND,USA
IND,USA
IND,USA
IRN,ISR
IRN,ISR
IRN,USA
ISR,IRN
ISR,IRN
ISR,IRN
ISR,ISR
ISR,ISR
ISR,PSE
ISR,RUS
ISR,RUS
ISR,ISR
ISR,ISR
ISR,ISR
ISR,ISR
ISR,ISR
ISR,ISR
ISR,PSE
ISR,LBN
ISR,LBN
ISR,LBN
ITA,WST
ITA,VAT
ITA,WST
ITA,VAT
JPN,SHN
JPN,SHN
LBN,ISR
LKA,CHN
LKA,CHN
MLI,MLI
USA,USA
USA,USA
USA,USA
POL,SWE
POL,SWE
POL,USA
POL,USA
POL,USA
POL,USA
RUS,BLR
RUS,CHE
RUS,CHE
RUS,ESP
RUS,ESP
RUS,WST
RUS,WST
RUS,WST
RUS,WST
RUS,IRN
RUS,IRN
RUS,IRN
RUS,IRN
RUS,UKR
RUS,UKR
RUS,UKR
RUS,UKR
RUS,UKR
RUS,UKR
RUS,USA
RUS,UKR
SDN,SDN
SDN,SDN
SDN,SDN
SHN,JPN
SHN,JPN
SWE,SWE
SWE,SWE
TUN,TUN
TUN,TUN
TUN,USA
TUN,TUN
TUN,TUN
TUN,TUN
TUR,TUR
TUR,TUR
TWN,UKR
TWN,UKR
UKR,BLR
UKR,RUS
UKR,RUS
UKR,TWN
UKR,TWN
UKR,UKR
UKR,USA
UKR,USA
UKR,UKR
USA,ARG
USA,CHE
USA,CHE
USA,CHE
USA,CHE
USA,CHN
USA,ESP
USA,EUR
USA,EUR
USA,EUR
USA,EUR
USA,IRL
USA,USA
USA,USA
USA,RUS
USA,RUS
USA,RUS
USA,RUS
USA,TUN
USA,USA
USA,USA
USA,USA
USA,USA
USA,USA
USA,USA
USA,USA
USA,USA
USA,USA
USA,USA
USA,USA
USA,USA
USA,USA
USA,USA
USA,ITA
USA,RUS
USA,USA
USA,UKR
USA,UKR
USA,USA
USA,USA
USA,USA
USA,USA
VAT,ITA
VAT,ITA
AUS,AUS
GBR,JAM
GBR,JAM
JAM,GBR
JAM,GBR
JAM,GBR
JAM,GBR
AFR,CAN
AFR,CAN
AFR,CAN
AFR,NGA
AFR,NGA
AFR,NGA
AFR,NGA
AFR,NGA
AFR,UGA
AFR,UGA
AFR,UGA
AFR,UGA
AGO,BDI
AGO,BDI
AGO,BDI
AGO,COD
AGO,COD
AGO,NAM
AGO,NAM
AGO,NAM
AGO,RWA
AGO,RWA
AGO,RWA
AGO,UGA
AGO,UGA
AGO,UGA
AGO,ZWE
AGO,ZWE
AGO,ZWE
ARE,PHL
ARE,TTO
ARE,TTO
ARE,TTO
ARM,SYR
ARM,SYR
ARM,USA
ARM,USA
ARM,USA
AUS,KNA
AUS,AUS
AUS,AUS
AZE,ARM
AZE,ARM
BDI,AGO
BDI,AGO
BDI,AGO
BDI,COD
BDI,COD
BDI,COD
BDI,NAM
BDI,NAM
BDI,NAM
BDI,RWA
BDI,RWA
BDI,RWA
BDI,UGA
BDI,UGA
BDI,UGA
BDI,ZWE
BDI,ZWE
BDI,ZWE
BGR,ARM
CAN,ITA
CHL,MEX
CHN,USA
CHN,USA
CHN,USA
CHN,USA
CHN,VNM
CHN,VNM
COD,AGO
COD,AGO
COD,BDI
COD,BDI
COD,BDI
COD,NAM
COD,NAM
COD,NAM
COD,UGA
COD,UGA
COD,UGA
DEU,ISR
DEU,ISR
ESP,RUS
ESP,RUS
EST,USA
EST,USA
FRA,RUS
FRA,RUS
FRA,RUS
GBR,GBR
GBR,ZMB
GBR,GBR
GBR,GBR
EUR,MMR
WST,BEL
WST,RUS
WST,RUS
IND,GBR
IND,IND
IRN,SYR
IRN,SYR
IRN,SYR
IRN,SYR
IRN,SYR
IRN,SYR
IRN,SYR
IRN,SYR
IRN,SYR
ITA,CAN
JAM,JAM
MAR,USA
MAR,USA
MAR,USA
MEX,USA
MEX,USA
MMR,AUT
IND,GBR
MYS,AFR
MYS,AFR
MYS,AFR
MYS,AFR
MYS,AFR
NAM,AGO
NAM,AGO
NAM,AGO
NAM,BDI
NAM,BDI
NAM,BDI
NAM,COD
NAM,COD
NAM,COD
NAM,RWA
NAM,RWA
NAM,RWA
NAM,UGA
NAM,UGA
NAM,UGA
NAM,ZWE
NAM,ZWE
NAM,ZWE
NGA,NGA
NGA,NGA
NGA,NGA
NGA,NGA
NGA,NGA
NGA,NGA
PAK,AUT
PAK,AUT
PHL,PHL
PHL,PHL
PHL,PHL
PHL,PHL
PHL,PHL
RUS,CHE
RUS,CHE
RUS,CHE
RUS,ESP
RUS,ESP
RUS,IRN
RUS,IRN
RUS,RUS
RUS,SYR
RUS,SYR
RUS,USA
RUS,USA
RUS,USA
RUS,USA
RUS,FRA
RUS,FRA
RUS,FRA
RUS,USA
RUS,RUS
RWA,AGO
RWA,AGO
RWA,AGO
RWA,BDI
RWA,BDI
RWA,BDI
RWA,NAM
RWA,NAM
RWA,NAM
RWA,UGA
RWA,UGA
RWA,UGA
RWA,RWA
SRB,ARE
SYR,GBR
TTO,ARE
TTO,ARE
TTO,ARE
TUR,TUR
TUR,TUR
TUR,USA
TUR,USA
TUR,USA
TUR,TUR
TUR,TUR
UGA,AGO
UGA,AGO
UGA,AGO
UGA,BDI
UGA,BDI
UGA,BDI
UGA,COD
UGA,COD
UGA,COD
UGA,NAM
UGA,NAM
UGA,NAM
UGA,RWA
UGA,RWA
UGA,RWA
UGA,ZWE
UGA,ZWE
UGA,ZWE
USA,CHE
USA,ESP
USA,EST
USA,EST
USA,FRA
USA,FRA
USA,GBR
USA,GBR
USA,GBR
USA,GBR
USA,GBR
USA,IRQ
USA,IRQ
USA,IRQ
USA,IRQ
USA,MAR
USA,MAR
USA,MEX
USA,MEX
USA,PER
USA,RUS
USA,RUS
USA,RUS
USA,RUS
USA,RUS
USA,RUS
USA,RUS
USA,RUS
USA,RUS
USA,TUR
USA,USA
USA,USA
USA,USA
USA,USA
USA,USA
USA,USA
USA,USA
USA,USA
USA,USA
USA,USA
USA,USA
USA,USA
USA,USA
USA,USA
USA,USA
USA,USA
USA,USA
USA,USA
USA,USA
USA,AZE
USA,AZE
USA,USA
USA,USA
USA,RUS
USA,RUS
USA,RUS
USA,USA
USA,USA
USA,USA
USA,USA
USA,USA
USA,USA
USA,USA
USA,USA
VNM,CHN
ZMB,GBR
ZWE,AGO
ZWE,AGO
ZWE,AGO
ZWE,BDI
ZWE,BDI
ZWE,BDI
ZWE,NAM
ZWE,NAM
ZWE,NAM
ZWE,UGA
ZWE,UGA
ZWE,UGA
AFG,BRA
AFG,BRA
AUS,USA
AUS,USA
BGR,BGR
BRA,AFG
BRA,AFG
BRA,BRA
BRA,BRA
BRA,BRA
CAN,DNK
CAN,DNK
CAN,DNK
CAN,USA
CAN,CAN
CHN,LKA
CHN,LKA
CHN,LKA
CHN,NIC
CHN,SAS
CHN,LKA
COM,CHN
COM,CHN
COM,CHN
COM,KEN
COM,KEN
COM,KEN
COM,LKA
COM,LKA
COM,LKA
COM,MDV
COM,MDV
COM,MDV
CUB,USA
DNK,CAN
DNK,CAN
DNK,CAN
EGY,USA
ERI,CHN
ERI,KEN
ERI,KEN
ERI,LKA
ERI,LKA
ERI,LKA
ERI,MDV
ERI,MDV
FRA,FRA
FRA,FRA
GBR,GBR
GBR,GBR
GBR,TTO
GBR,USA
GBR,USA
GBR,USA
GBR,USA
GBR,USA
GBR,GBR
KEN,CHN
KEN,CHN
KEN,LKA
KEN,LKA
KEN,LKA
KEN,MDV
KEN,MDV
KEN,MDV
KOR,PRK
KOR,PRK
LKA,CHN
LKA,CHN
LKA,CHN
LKA,CHN
LKA,LKA
LKA,LKA
MEX,BRA
MEX,BRA
MEX,BRA
NGA,NGA
NGA,NGA
NGA,NGA
NGA,NGA
NGA,NGA
NOR,AFG
NOR,AFG
PHL,NOR
PHL,NOR
PRK,KOR
PRK,USA
SAS,CHN
TZA,TZA
USA,AFR
USA,EGY
USA,EGY
USA,EGY
USA,GBR
USA,GBR
USA,USA
USA,USA
USA,USA
USA,USA
USA,USA
USA,USA
USA,USA
USA,USA
USA,USA
USA,USA
USA,USA
USA,USA
USA,USA
USA,USA
USA,USA
USA,USA
ARE,BHR
ARE,BHR
ARE,BHR
ARE,ISR
ARE,ISR
ARE,ISR
ARE,MAR
ARE,MAR
ARE,MAR
ARE,SDN
ARE,SDN
ARE,SDN
ARE,USA
ARE,USA
BHR,ARE
BHR,ARE
BHR,ARE
BHR,ISR
BHR,ISR
BHR,ISR
BHR,ISR
BHR,ISR
BHR,MAR
BHR,MAR
BHR,MAR
BHR,SDN
BHR,SDN
BHR,SDN
BHR,USA
BHR,USA
ISR,ARE
ISR,ARE
ISR,BHR
ISR,BHR
ISR,BHR
ISR,MAR
ISR,MAR
ISR,MAR
ISR,SDN
ISR,SDN
ISR,SDN
MAR,ARE
MAR,ARE
MAR,ARE
MAR,BHR
MAR,BHR
MAR,BHR
MAR,ISR
MAR,ISR
MAR,ISR
MAR,ISR
MAR,ISR
MAR,SDN
MAR,SDN
MAR,SDN
MAR,USA
MAR,USA
SDN,ARE
SDN,ARE
SDN,ARE
SDN,BHR
SDN,BHR
SDN,BHR
SDN,ISR
SDN,ISR
SDN,ISR
SDN,ISR
SDN,ISR
SDN,MAR
SDN,MAR
SDN,MAR
SDN,USA
SDN,USA
BEL,FRA
BEL,FRA
BEL,FRA
BEL,KGZ
BEL,KGZ
BEL,KOR
BEL,KOR
BEL,KOR
BEL,KOR
BEL,KOR
CAN,CAN
CAN,MDV
CHN,CHN
CHN,CHN
CHN,CHN
CHN,LTU
CHN,NIC
CHN,CHN
CHN,CHN
DEU,FRA
DEU,FRA
EUR,GBR
FRA,AUT
FRA,AUT
FRA,AUT
FRA,BEL
FRA,USA
GBR,FRA
GBR,FRA
GBR,GBR
GBR,EUR
GBR,EUR
GBR,IRL
GBR,ITA
GBR,ITA
GBR,IRL
GBR,ISR
GBR,ISR
GBR,ISR
GRC,USA
WST,RUS
WST,RUS
WST,USA
IND,CHN
IND,CHN
IRL,GBR
IRL,GBR
IRL,GBR
IRN,QAT
IRN,QAT
ISR,AFG
ISR,ISR
ISR,ISR
ISR,ISR
ISR,ISR
ISR,ISR
ISR,PSE
ISR,PSE
ISR,SAU
ISR,USA
ISR,ISR
ISR,USA
ISR,USA
ISR,ISR
ISR,ISR
ISR,ISR
ISR,ISR
ISR,ISR
ITA,GBR
JPN,JPN
KGZ,BEL
KGZ,BEL
KGZ,KGZ
KGZ,KGZ
KGZ,KGZ
KGZ,KGZ
KGZ,KGZ
KGZ,KGZ
MEX,USA
PSE,ISR
PSE,ISR
PSE,ISR
PSE,ISR
PSE,ISR
PSE,ISR
PSE,ISR
QAT,AFG
QAT,AFG
QAT,ISR
QAT,ISR
QAT,SAU
QAT,USA
QAT,USA
QAT,USA
THA,THA
THA,THA
USA,CAN
USA,CHN
USA,GBR
USA,GBR
USA,WST
USA,ISR
USA,ISR
USA,ISR
USA,ISR
USA,MEX
USA,MEX
USA,QAT
USA,RUS
USA,RUS
USA,RUS
USA,USA
USA,USA
USA,USA
USA,USA
USA,USA
USA,USA
USA,USA
USA,USA
USA,USA
USA,USA
USA,USA
USA,USA
AUS,MEX
AUS,USA
AUT,USA
BGR,BGR
BGR,BGR
BGR,WST
CAF,TZA
CHE,RUS
CHN,NIC
CHN,VNM
ESP,AUS
FRA,IRN
FRA,IRN
FRA,IRN
FRA,IRN
FRA,IRN
FRA,IRN
GBR,ISR
GBR,JOR
GBR,JOR
GBR,JPN
GBR,JPN
GBR,JPN
GBR,JPN
GBR,MAR
GBR,MEX
GBR,MEX
GBR,MKD
GBR,TUR
GBR,TUR
GBR,TUR
GBR,UKR
GBR,UKR
GBR,UKR
GBR,USA
GBR,USA
GBR,USA
GBR,USA
GBR,VNM
GBR,ISR
EUR,GBR
EUR,GBR
EUR,ISR
EUR,JOR
EUR,MAR
EUR,MEX
EUR,MKD
EUR,PSE
EUR,TUR
EUR,UKR
WST,RUS
WST,RUS
WST,UKR
IRN,FRA
IRN,FRA
IRN,IRN
IRN,IRN
IRN,IRN
ISR,GBR
ISR,ISR
ISR,PSE
JPN,AUS
JPN,AUS
JPN,AUS
JPN,GBR
JPN,GBR
JPN,GBR
JPN,GBR
JPN,GBR
JPN,JPN
JPN,JPN
JPN,GBR
JPN,GBR
JPN,JPN
JPN,JPN
KOR,CHN
MAR,GBR
MEX,GBR
MKD,GBR
NGA,NGA
NIC,USA
NZL,MDV
PAK,PAK
PAK,PAK
PSE,ISR
PSE,ISR
RUS,CHE
RUS,USA
SDN,SDN
SDN,SDN
THA,THA
TUR,GBR
TUR,GBR
TUR,GBR
TUR,GBR
TZA,USA
UKR,GBR
UKR,GBR
UKR,GBR
USA,AUS
USA,GBR
USA,IRN
USA,IRN
USA,RUS
USA,TZA
USA,USA
USA,USA
USA,USA
USA,USA
USA,USA
USA,USA
USA,USA
USA,RUS
USA,RUS
USA,USA
USA,USA
USA,USA
USA,USA
USA,USA
VNM,CHN
VNM,GBR
VNM,GBR
USA,USA
USA,USA
AFG,EUR
AFG,EUR
AFG,EUR
AFG,USA
AFG,USA
AFG,USA
ARE,BHR
ARE,KWT
ARE,OMN
ARE,QAT
ARE,SAU
ARE,SAU
AUS,AUS
AUS,AUS
AUS,RUS
AUS,AUS
BEL,AFR
BEL,AFR
BHR,ARE
CAN,RUS
CAN,RUS
CHN,RUS
CHN,RUS
CHN,RUS
CHN,RUS
CHN,TWN
DEU,GBR
DEU,GBR
DEU,GBR
DEU,SGP
DEU,SGP
DEU,SGP
DEU,USA
DEU,USA
DNK,USA
DNK,USA
EGY,FRA
EGY,FRA
EGY,FRA
EGY,GRC
EGY,GRC
EGY,GRC
EGY,RUS
EGY,RUS
EGY,RUS
EGY,RUS
EGY,USA
EGY,USA
EUR,GBR
FRA,EGY
FRA,EGY
FRA,EGY
FRA,FRA
GBR,DEU
GBR,DEU
GBR,DEU
GBR,EUR
GBR,EUR
GBR,GBR
GBR,RUS
GBR,RUS
GHA,GHA
GHA,GHA
GHA,USA
GHA,USA
GHA,GHA
GHA,GHA
GRC,EGY
GRC,EGY
GRC,EGY
GRC,EGY
GRC,EGY
GRC,EGY
GRC,EGY
GRC,GRC
GRC,USA
GRC,USA
GRC,EGY
EUR,RUS
WST,USA
IRL,COD
IRL,COD
IRL,COD
IRL,COD
IRL,COD
IRL,COD
IRL,COD
IRQ,EUR
IRQ,EUR
IRQ,EUR
IRQ,USA
IRQ,USA
IRQ,USA
ITA,EGY
ITA,EGY
ITA,EGY
ITA,EGY
ITA,EGY
ITA,EGY
ITA,GBR
ITA,GBR
ITA,GBR
KOR,CHN
KWT,ARE
LBN,SYR
MEX,NLD
MMR,MMR
MMR,MMR
MMR,MMR
MMR,MMR
MMR,MMR
MMR,THA
MMR,THA
MMR,THA
MMR,THA
USA,USA
MNG,EUR
MNG,HUN
NLD,MEX
OMN,ARE
QAT,ARE
QAT,ARE
RUS,AFR
RUS,AFR
RUS,AFR
RUS,CHN
RUS,CHN
RUS,CHN
RUS,CHN
RUS,EGY
RUS,EGY
RUS,EGY
RUS,EGY
RUS,RUS
RUS,UKR
RUS,UKR
RUS,UKR
RUS,UKR
SAU,ARE
SDN,SDN
SDN,SDN
SYR,EUR
SYR,EUR
SYR,USA
SYR,USA
TWN,CHN
TWN,USA
USA,DNK
USA,DNK
USA,EGY
USA,EGY
USA,EGY
USA,EGY
USA,GBR
USA,GBR
USA,GRC
USA,GRC
USA,WST
USA,WST
USA,RUS
USA,USA
USA,USA
USA,USA
USA,USA
USA,USA
USA,USA
USA,USA
USA,USA
USA,USA
USA,VNM
USA,USA
VAT,TUR
VAT,TUR
VNM,USA
ZAF,AFR
AFR,CHN
AFR,CHN
ARE,SAU
ARM,ARM
ARM,ARM
ARM,ARM
BRN,MYS
BRN,MYS
CAN,RUS
CHN,AFR
CHN,AFR
CHN,KOR
CHN,KOR
CHN,NIC
CHN,NIC
CHN,NIC
CHN,TWN
CHN,TWN
CHN,TWN
CHN,SEA
CHN,SEA
CHN,USA
CHN,USA
CHN,CHN
ERI,AFR
ERI,AFR
ERI,COM
ERI,ERI
ERI,KEN
FRA,FRA
GBR,EUR
GBR,FRA
GBR,FRA
GBR,GBR
SEA,USA
SEA,USA
SEA,USA
SEA,USA
SEA,USA
ISR,HRV
ISR,HRV
ISR,USA
ISR,USA
USA,USA
MYS,MYS
NIC,NIC
NIC,NIC
NIC,NIC
PAK,PAK
RUS,USA
RUS,USA
RUS,USA
RUS,RUS
SAU,SAU
SAU,USA
SAU,USA
SAU,USA
SAU,USA
SAU,USA
SGP,SGP
SGP,SGP
SGP,SGP
USA,HTI
USA,HTI
USA,HTI
USA,HTI
USA,HTI
USA,HTI
USA,JPN
USA,SAU
USA,SAU
USA,SAU
USA,USA
USA,USA
USA,USA
USA,USA
USA,USA
USA,USA
USA,USA
USA,USA
USA,USA
USA,USA
USA,USA
USA,JPN
USA,JPN
USA,USA
AFG,USA
AFG,USA
AFG,USA
ARE,ARE
AUT,FRA
AUT,FRA
AUT,GBR
AUT,RUS
AUT,USA
CHN,CHN
CHN,NIC
CHN,NIC
CHN,NIC
CHN,TWN
CHN,CHN
DEU,FRA
DEU,FRA
DZA,USA
DZA,USA
ESP,ESP
FRA,DEU
FRA,DEU
FRA,FRA
GBR,EUR
GBR,GBR
GBR,IND
GBR,IRQ
GBR,IRQ
GBR,MCO
GBR,PAK
GBR,PAK
GBR,GBR
IND,CHN
IND,CHN
IND,GBR
IRN,AFG
IRN,IRN
ISL,USA
ISL,USA
ISL,USA
ISR,ISR
ISR,ISR
ISR,PSE
ISR,PSE
ISR,ISR
JOR,PAK
JOR,SAU
MCO,GBR
MEX,USA
MWI,MWI
NGA,MDV
NGA,MDV
NIC,CHN
NIC,CHN
NLD,USA
PAK,GBR
PAK,PAK
PAK,PAK
PAK,PAK
PAK,PAK
PAK,PAK
PAK,PAK
PAK,PAK
PAK,PAK
PAK,AFG
PRT,PRT
PSE,ISR
PSE,ISR
PSE,ISR
PSE,ISR
PSE,ISR
PSE,ISR
PSE,ISR
PSE,ISR
PSE,ISR
RUS,WST
RUS,WST
RUS,WST
RUS,RUS
RUS,RUS
RUS,RUS
SAU,PAK
SAU,PAK
TUR,GRC
TUR,GRC
TUR,GRC
TWN,CHN
TWN,USA
TWN,TWN
UKR,UKR
USA,AFG
USA,DZA
USA,ISL
USA,ISL
USA,ISR
USA,ISR
USA,NLD
USA,RUS
USA,RUS
USA,USA
USA,USA
USA,USA
USA,USA
USA,USA
USA,USA
USA,USA
USA,USA
USA,AFG
USA,AFG
USA,USA
USA,USA
CIV,GBR
CIV,GBR
CIV,GBR
CIV,GBR
CIV,GBR
CIV,GBR
GBR,CIV
GBR,CIV
GBR,CIV
GBR,CIV
AFG,AFG
AFG,AFG
AFR,EUR
AUS,AUS
AUS,AUS
BGD,CHN
BGD,CHN
BGD,CHN
BGD,PAK
BGD,PAK
BGD,PAK
BGD,PAK
BGD,PAK
BGD,PAK
CAN,NGA
CAN,NGA
CAN,CAN
CHN,ESP
CHN,GBR
CHN,PAK
CHN,PAK
CHN,PAK
CHN,PAK
CHN,PAK
CHN,PAK
CIV,GBR
CMR,CIV
ESP,CHN
ESP,GBR
ESP,GBR
EUR,AFR
EUR,EUR
EUR,GBR
EUR,EUR
FIN,IRQ
GBR,CHN
GBR,CIV
GBR,ESP
GBR,ESP
GBR,EUR
GBR,GBR
GBR,GBR
GBR,NGA
GBR,GBR
GBR,GBR
GHA,GBR
GHA,GBR
GHA,GBR
GHA,GHA
GHA,GHA
IND,MMR
IND,MMR
IRL,GHA
IRL,GHA
IRL,GHA
IRL,IRL
IRL,IRL
ISR,ISR
KOR,KOR
LKA,CHN
LKA,CHN
LKA,CHN
LKA,PAK
LKA,PAK
LKA,PAK
LKA,PAK
LKA,PAK
LKA,PAK
LKA,PAK
LKA,PAK
MMR,CHN
MMR,CHN
MMR,CHN
MMR,CHN
MMR,CHN
MMR,CHN
MMR,CHN
MMR,CHN
MMR,MMR
MMR,MMR
USA,USA
NGA,GBR
NGA,NGA
NGA,NGA
PAK,CHN
PAK,CHN
PAK,CHN
PAK,CHN
PAK,IND
PAK,LKA
PAK,LKA
PAK,PAK
PAK,PAK
RUS,UKR
USA,EGY
USA,EGY
USA,GHA
USA,MEX
USA,USA
USA,UKR
USA,UKR
USA,USA
USA,USA
USA,USA
USA,USA
USA,UKR
USA,USA
USA,USA
USA,USA
USA,USA
USA,USA
ZAF,AFR
AFG,AFG
AFG,SAU
AFG,SAU
AFG,AFG
AFG,AFG
AFG,TJK
AFG,TKM
AFG,TKM
AFG,TKM
AFG,USA
AFG,USA
AFG,UZB
AFR,BDI
AFR,BDI
AFR,BDI
AFR,BDI
AFR,BDI
CAN,USA
CHN,NIC
CHN,NIC
CHN,NIC
CHN,TWN
CHN,TWN
CUB,CHN
CUB,CHN
EUR,UKR
IND,IND
IND,PAK
IND,PAK
KOR,PRK
KOR,USA
KOR,USA
MEX,USA
USA,FRA
USA,USA
NIC,CHN
NIC,CHN
NZL,USA
PAK,AFG
PAK,AFG
PAK,AFG
PAK,PAK
POL,USA
POL,USA
PRK,KOR
PRK,KOR
PRK,USA
PRK,USA
PRK,USA
PRK,USA
RUS,MMR
RUS,MMR
RUS,MMR
RUS,USA
SAU,USA
SAU,USA
SAU,USA
SAU,AFG
SAU,AFG
UGA,AFR
UGA,AFR
USA,ITA
USA,KOR
USA,KOR
USA,MEX
USA,PRK
USA,PRK
USA,PRK
USA,SAU
USA,SOM
USA,RUS
ZWE,ZWE
ZWE,ZWE
ZWE,ZWE
ZWE,ZWE
ALB,GRC
AUS,AUS
CAN,CAN
CAN,ITA
CAN,ITA
CAN,ITA
CAN,ITA
CHE,EUR
CRI,USA
CRI,USA
CRI,USA
CRI,USA
CRI,USA
CRI,USA
DOM,COL
DOM,COL
EUR,CHE
EUR,DEU
EUR,FRA
EUR,FRA
EUR,EUR
EUR,EUR
EUR,EUR
EUR,EUR
EUR,EUR
GBR,CRB
GRC,ALB
IRL,IRL
IRN,TUR
IRN,TUR
JAM,JAM
JAM,JAM
KOR,KOR
KOR,KOR
USA,USA
USA,USA
RUS,UKR
RUS,USA
RUS,USA
RUS,USA
TUR,IRN
TUR,IRN
UKR,RUS
UKR,RUS
USA,AFR
USA,CRI
USA,CRI
USA,RUS
USA,RUS
USA,UKR
USA,UKR
USA,USA
USA,USA
USA,USA
USA,USA
USA,USA
USA,USA
USA,USA
USA,USA
USA,USA
USA,USA
USA,USA
USA,USA
USA,USA
USA,USA
USA,USA
USA,USA
USA,USA
USA,RUS
USA,UKR
USA,UKR
USA,UKR
USA,USA
USA,USA
USA,CAN
USA,CAN
USA,CHE
USA,USA
USA,USA
VNM,VNM
VNM,VNM
VNM,VNM
VNM,VNM
CHL,USA
CHL,USA
CHL,USA
CHL,USA
USA,CHL
USA,CHL
USA,CHL
USA,CHL
NIC,TWN
AFR,ZAF
AFR,ZAF
AFR,ZAF
AFR,ZAF
ARE,SAU
AUT,USA
AUT,USA
BHR,IRQ
BHR,IRQ
CAN,BRB
CHE,ISL
CHE,RUS
CHE,RUS
CHE,RUS
CHN,NIC
CHN,USA
DEU,DEU
ESP,GBR
ESP,VEN
EUR,USA
FRA,FRA
FRA,FRA
FRA,FRA
GBR,ESP
GBR,ESP
GBR,ESP
GBR,NGA
GBR,NGA
GBR,USA
GBR,USA
GBR,USA
GBR,USA
IRN,USA
IRN,USA
ISL,CHE
ISR,ISR
ISR,ISR
JPN,VNM
KEN,KEN
KEN,KEN
LKA,PAK
LTU,LTU
LTU,LTU
USA,USA
NGA,GBR
NGA,NGA
NIC,TWN
NIC,TWN
NIC,CHN
NIC,CHN
NLD,VNM
NLD,VNM
NLD,VNM
NLD,VNM
NLD,VNM
NLD,NLD
NLD,VNM
NLD,VNM
RUS,CHE
RUS,CHE
RUS,CHE
RUS,UKR
RUS,UKR
RUS,USA
RUS,USA
UKR,RUS
UKR,USA
UKR,USA
UKR,USA
USA,AUT
USA,AUT
USA,AUT
USA,AUT
USA,CHE
USA,CHN
USA,EUR
USA,TWN
USA,USA
USA,USA
USA,USA
USA,USA
USA,USA
USA,VEN
USA,USA
USA,RUS
USA,RUS
USA,RUS
USA,VNM
USA,VNM
USA,USA
USA,RUS
USA,USA
USA,USA
VEN,USA
VEN,USA
VEN,ESP
VNM,NLD
VNM,NLD
VNM,USA
VNM,VNM
VNM,VNM
VNM,NLD
ZAF,AFR
AFG,PAK
AFG,PAK
AFR,MOZ
AFR,MOZ
AFR,MOZ
AFR,MOZ
AFR,MOZ
AFR,ZAF
BLR,BLR
BLR,BLR
BLR,EUR
BRA,USA
BRA,USA
CAN,EUR
CHN,CHN
CHN,CHN
CHN,KHM
CHN,KHM
CHN,TWN
CHN,TWN
CHN,CHN
CHN,TWN
EGY,GBR
EGY,GBR
EGY,USA
EGY,USA
EUR,CAN
EUR,USA
EUR,USA
FIN,FIN
FRA,USA
GHA,NGA
IND,IND
IND,IND
KOR,JPN
KOR,JPN
KOR,JPN
KOR,JPN
NGA,GHA
NGA,GHA
PAK,AFG
POL,USA
QAT,KOR
QAT,KOR
QAT,KOR
RUS,BLR
RUS,RUS
SAU,YEM
SAU,YEM
SAU,YEM
THA,USA
THA,USA
THA,USA
TWN,CHN
TWN,CHN
TWN,CHN
TWN,CHN
USA,AFG
USA,AFG
USA,AFG
USA,AFG
USA,AFG
USA,AFG
USA,AFR
USA,BRA
USA,EUR
USA,EUR
USA,GBR
USA,GBR
USA,USA
USA,USA
USA,USA
USA,USA
USA,USA
USA,USA
USA,USA
USA,AFG
USA,USA
USA,USA
USA,USA
VNM,SGP
VNM,SGP
VNM,THA
VNM,THA
VNM,THA
VNM,THA
VNM,THA
VNM,THA
GBR,GBR
AFG,PAK
AFG,PAK
CHN,CHN
CHN,CHN
CHN,CHN
CHN,NIC
CHN,TWN
CHN,USA
CHN,USA
CHN,CHN
CHN,CHN
CHN,CHN
CHN,CHN
CHN,CHN
CHN,CHN
CHN,USA
CRI,USA
DZA,FRA
DZA,FRA
DZA,FRA
FRA,DZA
FRA,DZA
FRA,DZA
FRA,FRA
FRA,FRA
FRA,FRA
FRA,FRA
GBR,GBR
GBR,GBR
GBR,IRL
GBR,IRL
GBR,MYS
GBR,MYS
GIN,GIN
GIN,GIN
GIN,GIN
GIN,GIN
GIN,GIN
GIN,GIN
GIN,GIN
GIN,GIN
IDN,MYS
IDN,PHL
SEA,EUR
ISR,USA
ISR,USA
ISR,USA
ISR,USA
ISR,USA
ISR,PSE
ISR,PSE
ISR,PSE
ISR,PSE
ISR,USA
ISR,USA
MEX,USA
MEX,USA
MEX,USA
USA,ISR
USA,ISR
USA,ISR
USA,PSE
USA,PSE
USA,PSE
USA,PSE
USA,USA
USA,USA
USA,USA
MYS,IDN
MYS,IDN
MYS,MYS
MYS,PHL
MYS,PHL
NIC,TWN
NIC,TWN
NLD,NLD
NLD,NLD
NZL,USA
PAK,AFG
PHL,IDN
PHL,MYS
PHL,MYS
PSE,ISR
PSE,ISR
PSE,ISR
PSE,ISR
PSE,USA
PSE,USA
PSE,USA
PSE,USA
PSE,USA
PSE,USA
RUS,FRA
RUS,FRA
RUS,MYS
RUS,MYS
RUS,MYS
RUS,MYS
RUS,MYS
RUS,SYR
RUS,SYR
RUS,UKR
RUS,UKR
RUS,USA
RUS,USA
RUS,USA
RUS,USA
RUS,USA
RUS,RUS
RUS,RUS
RUS,FRA
RUS,SYR
RUS,USA
RUS,USA
RUS,USA
RUS,USA
RUS,USA
USA,CHN
USA,CHN
USA,CHN
USA,CHN
USA,CHN
USA,CHN
USA,CHN
USA,CHN
USA,CHN
USA,EST
USA,MEX
USA,MEX
USA,MEX
USA,USA
USA,USA
USA,USA
USA,USA
USA,USA
USA,USA
USA,USA
USA,USA
USA,USA
USA,USA
USA,USA
USA,USA
USA,USA
USA,AFR
USA,ZAF
ZAF,AFR
ZAF,ZAF
CHN,NIC
EGY,SYR
EUR,RUS
EUR,RUS
EUR,RUS
EUR,RUS
FRA,FRA
FRA,FRA
FRA,FRA
FRA,ITA
FRA,ITA
FRA,FRA
GBR,GBR
GBR,USA
EUR,MMR
IND,IND
ITA,ITA
JOR,SYR
JOR,SYR
JOR,SYR
KEN,NGA
KEN,NGA
LIE,CAN
MEX,USA
MEX,USA
MMR,MMR
MYS,SAU
NGA,KEN
NPL,NPL
NPL,NPL
NPL,NPL
NPL,NPL
NPL,NPL
NPL,NPL
PHL,CHN
PHL,CHN
PRT,ZMB
RUS,EUR
RUS,EUR
RUS,RUS
RUS,USA
SAU,MYS
SDN,SDN
SDN,SDN
SYR,JOR
SYR,JOR
SYR,EGY
SYR,JOR
TTO,AFR
TTO,TTO
UKR,RUS
UKR,RUS
UKR,RUS
UKR,RUS
UKR,RUS
UKR,RUS
UKR,RUS
UKR,RUS
UKR,USA
UKR,USA
USA,GBR
USA,GBR
USA,MEX
USA,MEX
USA,PHL
USA,RUS
USA,RUS
USA,UKR
USA,UKR
USA,USA
USA,USA
USA,MDV
USA,USA
USA,USA
USA,USA
USA,USA
USA,USA
USA,USA
ZMB,PRT
AFG,CHN
AFR,USA
AFR,USA
AFR,USA
AFR,USA
AFR,ZAF
AUS,RUS
BEL,BEL
BEL,BEL
BLR,ISR
CAN,CHN
CAN,RUS
CAN,USA
CAN,USA
CHL,USA
CHN,AFG
CHN,CHN
CHN,CHN
CHN,CUB
CHN,EUR
CHN,NIC
CHN,USA
CHN,CHN
CHN,CHN
CHN,CHN
CUB,CHN
CUB,CHN
CUB,CHN
FRA,RUS
FRA,RUS
FRA,USA
FRA,USA
GBR,GBR
GBR,IRL
GBR,RUS
GBR,GBR
GHA,AFR
GRC,GRC
EUR,DEU
EUR,DEU
EUR,RUS
IRL,GBR
ISR,ISR
JOR,DEU
KEN,KEN
KOR,EUR
KOR,EUR
KOR,USA
KOR,USA
USA,PRT
MYS,SAU
NIC,CHN
NIC,NIC
NIC,NIC
NIC,NIC
NIC,NIC
PAK,PAK
PAK,PAK
PRT,USA
SAU,MYS
SAU,MYS
SAU,SGP
SAU,SGP
USA,CAN
USA,CAN
USA,FRA
USA,FRA
USA,FRA
USA,FRA
USA,USA
USA,USA
USA,USA
USA,USA
USA,USA
ZAF,ZAF
ZAF,AFR
ZAF,AFR
ZAF,ZAF
ZAF,ZAF
CHN,AUS
CHN,AUS
USA,USA
RUS,RUS
RUS,RUS
USA,SGP
USA,THA
CHN,DEU
CHN,USA
USA,CHN
USA,CHN
AFG,AFG
AFG,AFG
AFG,USA
AFG,USA
AFG,UZB
AFG,UZB
AFG,AFG
AFG,AFG
AFG,AFG
AFG,USA
AFG,USA
AFG,USA
AFR,ZAF
AUS,USA
AUS,USA
AUS,USA
AZE,CUB
BHS,BHS
BHS,BHS
CAN,USA
CHN,AUS
CHN,AUS
CHN,EUR
CHN,EUR
CHN,JPN
CHN,GBR
CHN,SGP
CHN,SGP
CHN,USA
CHN,USA
CHN,USA
CHN,USA
CHN,USA
DEU,DEU
DEU,USA
EGY,USA
EGY,USA
EUR,CHN
EUR,CHN
EUR,CHN
EUR,IRL
SEA,KOR
SEA,PHL
WST,RUS
WST,UKR
WST,UKR
WST,UKR
WST,USA
IND,IND
IND,IND
IND,IND
IND,IND
ITA,MEX
JPN,AUS
JPN,AUS
KOR,SEA
LBN,QAT
LBN,QAT
LBN,QAT
LBN,QAT
LBN,QAT
LBN,QAT
MEX,BRA
MEX,ITA
GBR,VNM
GBR,VNM
MYS,BRA
MYS,BRA
MYS,MEX
MYS,MEX
MYS,NMR
MYS,USA
MYS,USA
MYS,USA
NGA,NER
NGA,NGA
NZL,USA
PHL,SEA
PHL,PHL
POL,RUS
QAT,AFG
QAT,LBN
QAT,LBN
QAT,LBN
QAT,LBN
QAT,PSE
QAT,PSE
QAT,PSE
QAT,PSE
QAT,PSE
QAT,RUS
QAT,TUR
QAT,TUR
QAT,TUR
QAT,TUR
RUS,RUS
RUS,UKR
RUS,UKR
RUS,UKR
RUS,WST
SGP,THA
SGP,THA
SGP,USA
SGP,USA
THA,SGP
TTO,ZAF
TTO,TTO
TUR,QAT
TUR,QAT
TUR,QAT
TUR,QAT
UKR,MDA
UKR,RUS
UKR,RUS
USA,AFG
USA,AFG
USA,AFG
USA,AFG
USA,AFG
USA,AFG
USA,AFG
USA,AFG
USA,AFG
USA,AFG
USA,CHN
USA,EUR
USA,EUR
USA,EUR
USA,GBR
USA,GBR
USA,RUS
USA,TWN
USA,TWN
USA,USA
USA,USA
USA,USA
USA,USA
USA,USA
USA,USA
USA,USA
USA,USA
USA,GBR
USA,USA
USA,USA
USA,QAT
USA,QAT
USA,USA
UZB,AFG
UZB,AFG
UZB,AFG
VNM,GBR
VNM,GBR
VNM,GBR
CHN,CHN
ITA,ITA
ITA,ITA
CHN,USA
CHN,USA
AFR,USA
AFR,USA
AFR,AFR
AUS,GBR
BOL,BOL
BOL,BOL
CAN,LKA
CHE,ZAF
EUR,EUR
FRA,FRA
FRA,FRA
GBR,AUS
GBR,GBR
GBR,USA
GBR,GBR
IND,IND
IND,IND
IND,IND
ISR,PSE
ISR,PSE
ISR,PSE
ISR,ISR
JPN,GBR
JPN,GBR
LBY,LBY
USA,DNK
PER,BOL
PHL,ARE
PHL,ARE
PHL,ARE
PRK,JPN
PRK,KOR
PSE,ISR
PSE,ISR
PSE,ISR
PSE,ISR
PSE,PSE
PSE,PSE
PSE,PSE
PSE,PSE
RUS,UZB
RUS,UZB
RUS,RUS
SYR,SYR
SYR,SYR
SYR,SYR
SYR,SYR
SYR,SYR
TUR,NGA
TUR,NGA
TWN,CHN
USA,AFR
USA,AFR
USA,GBR
USA,SYR
USA,SYR
USA,SYR
USA,USA
USA,USA
USA,USA
USA,USA
USA,USA
USA,USA
USA,USA
USA,GBR
USA,USA
USA,IRN
USA,IRN
USA,IRN
USA,USA
USA,USA
USA,USA
USA,USA
ZAF,AFR
ZAF,AFR
ZAF,AFR
ZAF,AFR
ZAF,AFR
ZAF,ZAF
ZAF,ZAF
ZAF,ZAF
AFG,AFG
AFG,AFG
AFG,AFG
AFG,AFG
AFG,AFG
AFR,FRA
AFR,FRA
AFR,FRA
AFR,FRA
BRN,SEA
CAN,CAN
CAN,USA
CHN,TWN
CHN,TWN
CHN,TWN
CHN,USA
CHN,USA
CHN,USA
CHN,USA
CHN,CHN
CHN,TWN
CHN,TWN
ESP,UKR
ESP,UKR
ESP,UKR
ESP,UKR
ESP,UKR
ESP,UKR
EUR,RUS
GBR,GBR
GBR,GBR
IDN,SEA
IDN,SEA
IDN,SEA
SEA,BRN
SEA,IDN
SEA,IDN
SEA,IDN
SEA,KHM
SEA,KHM
SEA,LAO
SEA,LAO
SEA,LAO
SEA,MMR
SEA,MMR
SEA,MYS
SEA,MYS
SEA,MYS
SEA,PHL
SEA,PHL
SEA,SGP
SEA,SGP
SEA,SGP
SEA,THA
SEA,THA
SEA,THA
SEA,VNM
SEA,VNM
SEA,VNM
IND,IND
JPN,USA
JPN,USA
KHM,SEA
KHM,SEA
LAO,SEA
LAO,SEA
LAO,SEA
MMR,SEA
MMR,SEA
MYS,SEA
MYS,SEA
MYS,SEA
NGA,NGA
NGA,NGA
NGA,NGA
NIC,CHN
NIC,CHN
PAK,PAK
PAK,PAK
PAK,PAK
PAK,USA
PAK,USA
PAK,USA
PAK,PAK
PHL,SEA
PHL,SEA
PRK,USA
PRK,USA
PRK,USA
PRK,USA
PRK,USA
PRK,USA
PRK,USA
PRK,USA
PRK,USA
RUS,EUR
RUS,UKR
RUS,UKR
RUS,USA
RUS,USA
RUS,USA
RUS,UKR
RUS,UKR
SGP,SEA
SGP,SEA
SGP,SEA
THA,SEA
THA,SEA
THA,SEA
TWN,CHN
TWN,CHN
TWN,CHN
UKR,ESP
UKR,ESP
UKR,ESP
UKR,ESP
UKR,RUS
UKR,RUS
UKR,RUS
UKR,RUS
UKR,RUS
UKR,UKR
UKR,UKR
USA,CHN
USA,CHN
USA,CHN
USA,CHN
USA,PAK
USA,PRK
USA,PRK
USA,PRK
USA,PRK
USA,RUS
USA,RUS
USA,RUS
USA,UKR
USA,UKR
USA,USA
USA,USA
USA,USA
USA,PAK
USA,USA
USA,USA
USA,USA
VNM,SEA
VNM,SEA
VNM,SEA
AFG,AFG
AFR,USA
ARG,BRA
ARG,BRA
ARG,PAK
ARG,PAK
AUS,CHN
AUS,CHN
CAN,NOR
CAN,NOR
CAN,NOR
CAN,NOR
CAN,USA
CHN,AUS
CHN,AUS
CHN,CHN
CHN,CHN
CHN,JPN
CHN,JPN
CHN,JPN
CHN,TWN
CHN,TWN
CHN,TWN
ESP,FRA
FRA,ESP
FRA,RUS
FRA,USA
FRA,USA
GBR,CAN
GBR,CAN
GBR,CAN
GBR,CAN
IND,PAK
IND,PAK
IRN,AUT
IRN,AUT
IRN,IRN
IRN,IRN
IRN,IRN
IRN,TUR
IRN,IRN
IRN,TUR
IRN,IRN
IRN,IRN
IRN,IRN
IRN,IRN
JPN,CHN
JPN,CHN
JPN,CHN
MEX,USA
NGA,ISR
NGA,ISR
RUS,FRA
RUS,FRA
TUR,IRN
TUR,IRN
TUR,IRN
TZA,USA
TZA,USA
USA,AFR
USA,EUR
USA,FRA
USA,FRA
USA,MEX
USA,USA
USA,USA
USA,USA
USA,USA
USA,USA
USA,USA
USA,USA
USA,VNM
USA,USA
USA,USA
ZAF,ZAF
ZAF,ZAF
MEX,MDV
USA,BEL
NGA,NGA
AFG,IRQ
AFG,LBY
AFG,LBY
AFG,SOM
AFG,SYR
AFG,SYR
AFG,YEM
AFG,YEM
CHN,TWN
CHN,TWN
CHN,TWN
CHN,TWN
CUB,VNM
CUB,VNM
CUB,VNM
DEU,JAM
DEU,JAM
DEU,URY
DEU,URY
EUR,RUS
EUR,RUS
FRA,GBR
GBR,EUR
GBR,PRT
GBR,PRT
GBR,PRT
GBR,PRT
GBR,GBR
JAM,DEU
JAM,DEU
PAK,PAK
PAK,PAK
PAK,PAK
PRK,TWN
RUS,EUR
RUS,EUR
SGP,TWN
SGP,TWN
TWN,CHN
TWN,CHN
USA,AUS
USA,GBR
USA,GBR
USA,GBR
USA,SOM
USA,SOM
USA,TWN
USA,USA
USA,USA
USA,USA
USA,USA
USA,USA
USA,USA
USA,SDN
USA,SDN
ZAF,AFR
ZAF,AFR
IRQ,IRQ
IRQ,IRQ
IRQ,IRQ
IRQ,IRQ
IRQ,USA
IRQ,USA
IRQ,USA
USA,IRQ
USA,IRQ
USA,IRQ
AFG,AFG
AFG,AFG
AUS,USA
BGD,THA
BRA,BRA
BRA,BRA
BRB,GBR
BRB,GBR
BRB,GBR
BRB,GBR
CAN,AFG
CAN,ITA
CHN,CHN
CHN,TWN
CHN,USA
CHN,USA
CHN,USA
CHN,CHN
CRI,USA
CRI,USA
EUR,IND
EUR,NLD
EUR,USA
EUR,USA
GBR,BRB
GBR,BRB
GBR,BRB
GBR,BRB
GBR,USA
GBR,USA
GBR,USA
GRC,USA
IRQ,USA
IRQ,USA
IRQ,USA
IRQ,USA
IRQ,USA
IRQ,USA
ISR,JPN
ISR,USA
ITA,CAN
JPN,ISR
KOR,PRK
KOR,PRK
KOR,PRK
KOR,PRK
PRK,KOR
PRK,KOR
PRK,KOR
PRK,KOR
PRK,KOR
PRK,KOR
PRK,KOR
PRK,KOR
PRK,KOR
PRK,KOR
PRK,PRK
PRK,PRK
PRK,PRK
PRK,PRK
RUS,ISR
RUS,ISR
RUS,RUS
RUS,RUS
RUS,RUS
RUS,RUS
RUS,RUS
SDN,SDN
THA,BGD
THA,BGD
THA,BGD
THA,CHN
TWN,CHN
TWN,CHN
TWN,CHN
TWN,CHN
TWN,CHN
USA,AUS
USA,CRI
USA,CRI
USA,CRI
USA,GBR
USA,GBR
USA,GBR
USA,GRC
USA,IRQ
USA,IRQ
USA,IRQ
USA,IRQ
USA,IRQ
USA,USA
USA,USA
USA,USA
USA,USA
USA,USA
USA,USA
USA,USA
USA,ISR
ZAF,AUS
ZAF,AUS
ARE,ARE
ARE,ARE
AUS,NZL
BWA,CHN
BWA,CHN
CHN,BWA
CHN,BWA
CHN,BWA
CHN,BWA
CHN,CHN
CYM,MYS
CYM,MYS
CYM,MYS
CYM,SEA
EST,EST
EST,UKR
EST,UKR
EST,UKR
FIN,DEU
FIN,DEU
FIN,DEU
FIN,DEU
FRA,FRA
FRA,FRA
GBR,ITA
GBR,ITA
GBR,RUS
GBR,RUS
GBR,RUS
GBR,USA
GBR,GBR
WST,RUS
IND,GBR
IRN,QAT
IRN,QAT
ISR,EUR
ISR,EUR
ISR,EUR
ISR,USA
ISR,USA
ISR,USA
ISR,USA
ISR,USA
ISR,USA
ITA,BEL
ITA,BEL
ITA,GBR
ITA,GBR
ITA,USA
ITA,USA
JOR,USA
LKA,LKA
LKA,LKA
LKA,LKA
LKA,LKA
MDA,LKA
MDA,MDA
USA,USA
USA,USA
USA,USA
MYS,CYM
NIC,TWN
NIC,USA
PAK,CHN
QAT,AFR
QAT,IRN
RUS,WST
SAU,AFG
SEA,CYM
USA,ISR
USA,ISR
USA,ISR
USA,ISR
USA,ITA
USA,JOR
USA,JOR
USA,JOR
USA,JOR
USA,JOR
USA,JOR
USA,USA
USA,USA
USA,USA
USA,USA
USA,USA
USA,PSE
USA,USA
USA,USA
USA,USA
USA,USA
USA,USA
USA,USA
USA,USA
USA,USA
USA,USA
USA,USA
USA,USA
USA,USA
USA,ISR
USA,ISR
USA,USA
USA,USA
USA,USA
USA,USA
USA,USA
USA,USA
USA,USA
USA,USA
ZAF,ZAF
ZAF,ZAF
ZAF,ZAF
ZAF,ZAF
GBR,ZWE
GBR,ZWE
GBR,ZWE
GBR,ZWE
USA,USA
USA,USA
AUS,FRA
AUS,FRA
AUS,FRA
AUS,FRA
BEL,USA
BLZ,BLZ
BLZ,BLZ
CHN,CHN
CHN,CHN
CHN,CHN
CHN,CHN
DEU,USA
FRA,AUS
FRA,AUS
FRA,AUS
FRA,FRA
FRA,RUS
FRA,AUS
GBR,GBR
GBR,GBR
GBR,GBR
GBR,GBR
GBR,GBR
GBR,GBR
GBR,WST
GBR,USA
GBR,USA
GBR,USA
GBR,ZWE
GBR,GBR
GBR,ZWE
GBR,ZWE
IRQ,USA
IRQ,USA
IRQ,USA
IRQ,USA
IRQ,USA
JPN,USA
LKA,GBR
LKA,GBR
LKA,MYS
LKA,MYS
MAC,CHN
MMR,MMR
MMR,MMR
MMR,MMR
MMR,MMR
MMR,MMR
MMR,MMR
USA,USA
NLD,GBR
NLD,GBR
POL,AUS
POL,AUS
RUS,FRA
RUS,FRA
RUS,RUS
SWE,USA
SWE,USA
THA,THA
THA,THA
USA,AFG
USA,AFG
USA,AFG
USA,AFR
USA,AFR
USA,AFR
USA,DEU
USA,GBR
USA,IRQ
USA,IRQ
USA,IRQ
USA,IRQ
USA,IRQ
USA,USA
USA,SWE
USA,SWE
USA,UKR
USA,USA
USA,USA
USA,USA
USA,USA
USA,USA
USA,USA
USA,USA
USA,USA
VEN,VEN
ZWE,GBR
ZWE,ZWE
AFG,PAK
AFR,ZAF
AUS,BRN
AUS,BRN
AUS,CAN
AUS,CAN
AUS,CAN
AUS,CHL
AUS,CHL
AUS,CHL
AUS,CHN
AUS,CHN
AUS,CHN
AUS,HUN
AUS,HUN
AUS,JPN
AUS,JPN
AUS,JPN
AUS,MEX
AUS,MEX
AUS,MEX
AUS,MYS
AUS,MYS
AUS,MYS
AUS,NZL
AUS,NZL
AUS,NZL
AUS,PER
AUS,PER
AUS,PER
AUS,SGP
AUS,SGP
AUS,SGP
AUS,SGP
AUS,SGP
AUS,SGP
AUS,SGP
AUS,SGP
AUS,VNM
AUS,VNM
AUS,VNM
AUT,USA
AUT,USA
AZE,PAK
BRN,AUS
BRN,AUS
BRN,CAN
BRN,CAN
BRN,CAN
BRN,CHL
BRN,CHL
BRN,CHL
BRN,JPN
BRN,JPN
BRN,JPN
BRN,MEX
BRN,MEX
BRN,MEX
BRN,MYS
BRN,MYS
BRN,MYS
BRN,NZL
BRN,NZL
BRN,NZL
BRN,PER
BRN,PER
BRN,PER
BRN,SGP
BRN,SGP
BRN,SGP
BRN,VNM
BRN,VNM
BRN,VNM
CAN,AUS
CAN,AUS
CAN,AUS
CAN,BRN
CAN,BRN
CAN,BRN
CAN,CHL
CAN,CHL
CAN,CHL
CAN,JPN
CAN,JPN
CAN,JPN
CAN,MEX
CAN,MEX
CAN,MEX
CAN,MYS
CAN,MYS
CAN,MYS
CAN,NZL
CAN,NZL
CAN,NZL
CAN,PER
CAN,PER
CAN,PER
CAN,SGP
CAN,SGP
CAN,SGP
CHL,AUS
CHL,AUS
CHL,AUS
CHL,BRN
CHL,BRN
CHL,BRN
CHL,CAN
CHL,CAN
CHL,CAN
CHN,AUS
CHN,AUS
CHN,AUS
CHN,AUS
CHN,AUS
CHN,AUS
CHN,HUN
CHN,HUN
CHN,HUN
CHN,HUN
CHN,KOR
CHN,NIC
CHN,NIC
CHN,PAK
CHN,PAK
CHN,PAK
CHN,PAK
CHN,PAK
CHN,SGP
CHN,TWN
CHN,USA
CHN,CHN
CHN,NIC
CHN,PAK
CHN,PAK
CHN,TWN
CHN,TWN
EGY,EGY
EGY,EGY
EGY,EGY
ESP,JPN
ESP,PHL
EUR,NLD
EUR,NLD
EUR,NLD
FIN,LVA
FIN,LVA
GBR,GBR
GBR,LVA
GBR,LVA
GBR,LVA
GBR,LVA
GHA,GHA
GHA,GHA
GHA,USA
HUN,AUS
HUN,AUS
HUN,CHN
HUN,CHN
HUN,CHN
HUN,CHN
HUN,CHN
HUN,SGP
HUN,SGP
IRL,USA
IRL,USA
ISR,ISR
ISR,JOR
ISR,PSE
ISR,PSE
ISR,USA
ISR,USA
ISR,PSE
ITA,USA
JPN,AUS
JPN,AUS
JPN,AUS
JPN,BRN
JPN,BRN
JPN,BRN
JPN,CAN
JPN,CAN
JPN,CAN
JPN,ESP
JPN,ESP
LVA,FIN
LVA,FIN
LVA,RUS
MEX,AUS
MEX,AUS
MEX,AUS
MEX,BRN
MEX,BRN
MEX,BRN
MEX,CAN
MEX,CAN
MEX,CAN
USA,USA
USA,USA
MYS,AUS
MYS,AUS
MYS,AUS
MYS,BRN
MYS,BRN
MYS,BRN
MYS,CAN
MYS,CAN
MYS,CAN
NGA,NGA
NIC,CHN
NIC,CHN
NLD,EUR
NLD,EUR
NLD,EUR
NZL,AUS
NZL,AUS
NZL,AUS
NZL,BRN
NZL,BRN
NZL,BRN
NZL,CAN
NZL,CAN
NZL,CAN
PAK,CHN
PAK,CHN
PAK,CHN
PAK,CHN
PAK,CHN
PAK,CHN
PER,AUS
PER,AUS
PER,AUS
PER,BRN
PER,BRN
PER,BRN
PER,CAN
PER,CAN
PER,CAN
PHL,ESP
PRK,KOR
PSE,ISR
PSE,ISR
PSE,ISR
PSE,PSE
SGP,AUS
SGP,AUS
SGP,AUS
SGP,AUS
SGP,AUS
SGP,BRN
SGP,BRN
SGP,BRN
SGP,CAN
SGP,CAN
SGP,CAN
SGP,CHN
TWN,CHN
TWN,CHN
USA,AUS
USA,AUS
USA,GBR
USA,GBR
USA,ISL
USA,UKR
USA,USA
USA,USA
USA,USA
USA,USA
USA,USA
USA,USA
USA,USA
VNM,AUS
VNM,AUS
VNM,AUS
VNM,BRN
VNM,BRN
VNM,BRN
ZAF,AFR
ZAF,AFR
ZWE,ZWE
ZWE,ZWE
AFG,PAK
AFG,PAK
AFR,SAS
AFR,SAS
AFR,ZAF
AFR,ZAF
AUS,FRA
AUS,FRA
AUS,FRA
BRA,USA
CHL,USA
CHN,CHN
CHN,NIC
CHN,NIC
CHN,PAK
CHN,PAK
CHN,PAK
CHN,PAK
CHN,PAK
CHN,PAK
CHN,CHN
DEU,AUT
DEU,DEU
FRA,AUS
FRA,AUS
FRA,AUS
IDN,IDN
IDN,SEA
IDN,SEA
IND,AFR
IND,SAS
LKA,BGD
LKA,BGD
LKA,BGD
MEX,USA
MEX,USA
MEX,USA
MEX,USA
MEX,USA
MYS,IDN
MYS,IDN
MYS,USA
NGA,NGA
NGA,NGA
NGA,NGA
NGA,NGA
USA,USA
PAK,CHN
PAK,CHN
PAK,CHN
PAK,CHN
PAN,PAN
PHL,PHL
PHL,PHL
THA,SEA
TWN,CHN
TWN,CHN
TWN,CHN
TWN,CHN
TWN,CHN
TWN,CHN
USA,BRA
USA,BRA
USA,CHL
USA,CHL
USA,FRA
USA,MEX
USA,RUS
USA,UKR
USA,MEX
USA,MEX
USA,MEX
USA,MEX
USA,USA
VNM,SEA
VNM,SEA
ZAF,ZAF
ZAF,ZAF
ZAF,ZAF
USA,USA
AFR,USA
ARE,CAN
ARE,CAN
ARE,DEU
ARE,DEU
ARE,EGY
ARE,EGY
ARE,EGY
ARE,EGY
ARE,EGY
ARE,SAU
CAN,ARE
CAN,ARE
CHN,KOR
DEU,ARE
DEU,ARE
DEU,ARE
DEU,ARE
EGY,ARE
FRA,FRA
GBR,GBR
GBR,USA
GBR,USA
IDN,IDN
IRL,EUR
IRL,IRL
IRL,IRL
IRL,IRL
IRL,IRL
IRN,IRN
IRN,SAU
IRN,SAU
IRN,SAU
IRN,USA
IRQ,IRQ
KEN,KEN
KEN,KEN
KEN,JOR
KEN,KEN
MMR,MMR
NIC,TWN
RUS,IDN
RUS,IDN
TWN,CHN
USA,CAN
USA,CAN
USA,FRA
USA,FRA
USA,GBR
USA,GBR
USA,GBR
USA,GBR
USA,GBR
USA,USA
USA,USA
USA,USA
USA,USA
USA,YEM
USA,USA
USA,USA
YEM,USA
ZAF,NZL
ZAF,NZL
AFR,CAN
AFR,CAN
AFR,ISR
AFR,ISR
AFR,ISR
AFR,UGA
AFR,UGA
AFR,UGA
AFR,ZMB
AFR,ZMB
AFR,ZMB
CHN,SEA
CHN,RUS
CHN,RUS
CHN,RUS
EUR,RUS
EUR,RUS
GBR,AUT
GBR,IND
GBR,IRL
GBR,MDV
GBR,AUT
GUY,USA
SEA,CHN
WST,RUS
WST,RUS
IND,GBR
IRL,IRL
IRN,GBR
IRN,GBR
IRN,GBR
IRN,USA
IRN,USA
IRN,USA
ISR,PSE
ISR,PSE
JPN,TWN
JPN,TWN
MAR,USA
MAR,USA
MDV,GBR
USA,GUY
PRK,JPN
PRK,JPN
RUS,WST
RUS,WST
RUS,WST
RUS,WST
RUS,WST
RUS,USA
RUS,EUR
RUS,EUR
RUS,RUS
RUS,RUS
RUS,RUS
SWE,IND
USA,FRA
USA,IRN
USA,IRN
USA,IRN
USA,RUS
USA,RUS
USA,USA
USA,USA
USA,YEM
USA,YEM
USA,LBY
USA,LBY
USA,RUS
USA,RUS
USA,RUS
USA,USA
AFG,USA
AFG,AFG
AGO,USA
AGO,USA
AGO,USA
AGO,USA
AUS,USA
AUS,USA
BGD,BRA
BGD,BRA
BGD,BRA
CHN,KHM
CHN,RUS
CPV,BRA
CPV,BRA
CPV,BRA
DEU,RUS
DEU,USA
DEU,USA
EUR,RUS
GBR,IRL
GBR,IRL
GHA,GHA
GHA,GHA
GHA,GHA
GHA,GHA
GHA,GHA
GHA,GHA
GHA,USA
IRL,USA
IRL,IRL
IRN,TUR
IRN,TUR
IRN,TUR
IRN,TUR
IRN,TUR
IRN,TUR
IRN,TUR
IRN,TUR
IRN,TUR
ISR,ISR
KOR,USA
USA,USA
USA,USA
NGA,NGA
NGA,NGA
NGA,NGA
NGA,NGA
PGS,IRN
PGS,IRN
PGS,IRN
PGS,IRN
PGS,IRN
PSE,ISR
RUS,DEU
RUS,EUR
RUS,UKR
RUS,UKR
RUS,UKR
RUS,UKR
RUS,UKR
RUS,USA
RUS,USA
RUS,USA
RUS,USA
SAU,POL
TUR,IRN
TUR,IRN
TUR,IRN
TUR,IRN
TUR,IRN
TUR,IRN
TWN,CHN
TWN,CHN
UKR,RUS
UKR,RUS
USA,CHN
USA,IRL
USA,IRN
USA,IRN
USA,KOR
USA,USA
USA,USA
USA,RUS
USA,RUS
USA,RUS
USA,RUS
USA,RUS
USA,CHN
USA,USA
VNM,USA
ZAF,AFR
ZMB,ZMB
AFG,AFG
AFG,PAK
AFG,PAK
AFG,PAK
AFG,PAK
AFG,PAK
AFG,UZB
AFG,UZB
AUS,FRA
BEL,WST
BEL,WST
BEL,USA
BEL,USA
BEL,USA
BEL,USA
CHE,RUS
CHN,AFG
CHN,AFG
CHN,CHN
CHN,NIC
CHN,NIC
CHN,NIC
CHN,NIC
CHN,NIC
CHN,TWN
CHN,USA
CHN,USA
CHN,CHN
CHN,NIC
COD,COD
COD,COD
COD,FRA
COD,FRA
COG,COD
COG,COD
COG,COD
COG,UGA
COG,UGA
GRC,GRC
GRC,GRC
WST,BEL
WST,BEL
IRL,ETH
IRL,ETH
IRL,SYR
IRL,SYR
IRL,SYR
JPN,JPN
CHN,CHN
NIC,CHN
PAK,AFG
PAK,AFG
PAK,PAK
PAK,PAK
PRK,KOR
RUS,UKR
SOM,JPN
SYR,IRL
TUR,TUR
TWN,CHN
UGA,COD
UGA,COG
UGA,COG
UGA,COG
UGA,COG
USA,AFG
USA,AFG
USA,AFR
USA,AFR
USA,AFR
USA,BEL
USA,BEL
USA,BEL
USA,BEL
USA,BEL
USA,CHN
USA,CHN
USA,CHN
USA,GBR
USA,GBR
USA,GBR
USA,GBR
USA,EUR
USA,USA
USA,USA
USA,USA
USA,USA
USA,USA
USA,USA
USA,USA
USA,USA
USA,USA
USA,USA
USA,USA
USA,USA
USA,USA
USA,USA
USA,USA
USA,RUS
USA,RUS
USA,USA
USA,USA
USA,USA
USA,USA
USA,USA
USA,USA
USA,USA
USA,USA
ZAF,ZAF
USA,EUR
USA,THA
USA,THA
AFG,AFG
AFG,PAK
AFR,ETH
AUS,NZL
AUS,NZL
AUS,NZL
BEL,USA
DEU,PAK
ETH,AFR
FRA,PAK
FRA,PAK
FRA,EUR
GBR,GBR
GBR,PAK
GBR,PRK
GBR,PRK
GBR,GBR
ISR,PSE
ISR,PSE
ISR,PSE
KNA,PRK
KNA,PRK
LTU,RUS
LTU,RUS
NOR,USA
NOR,USA
NZL,AUS
NZL,AUS
NZL,AUS
PAK,PAK
PAK,GBR
PAK,PAK
PRK,PRK
PRK,PRK
PRK,KNA
PRK,KNA
PRK,PRK
PSE,ISR
PSE,ISR
USA,BEL
USA,USA
USA,USA
ZAF,ZAF
ZAF,ZAF
ZAF,ZAF
ZAF,ZAF
ZAF,ZAF
ZWE,GBR
AFG,USA
AUS,AUS
AZE,BGR
BEL,CZE
BGR,AZE
CHN,CHN
CHN,CHN
CHN,CHN
CHN,NIC
CZE,BEL
CZE,BEL
DEU,EUR
DEU,USA
DEU,USA
DEU,USA
DEU,USA
DEU,USA
DEU,USA
DEU,USA
EUR,GBR
GBR,EUR
GBR,USA
GBR,USA
GRD,SLE
GRD,SLE
HRV,EUR
EUR,HRV
IND,IND
IRL,IRL
IRL,USA
IRL,IRL
ISR,ISR
JPN,GBR
JPN,GBR
LBY,RUS
LBY,RUS
NGA,NGA
NGA,TUR
NGA,NGA
NGA,NGA
NGA,NGA
NGA,NGA
NIC,CHN
NIC,CHN
NIC,NIC
NIC,NIC
PSE,ISR
RUS,LBY
RUS,LBY
SLE,GRD
SLE,GRD
SLE,GRD
SLE,VCT
SLE,VCT
SLE,VCT
SYR,SYR
SYR,SYR
SYR,SYR
TUR,NGA
TWN,CHN
TWN,CHN
USA,GBR
USA,GBR
USA,GBR
USA,IRL
USA,PRK
USA,PRK
USA,RUS
USA,RUS
USA,UKR
USA,UKR
USA,USA
USA,USA
USA,USA
VCT,SLE
VCT,SLE
VCT,AUS
VCT,AUS
BEL,AFR
BEN,NGA
BEN,NGA
CAN,CAN
CAN,CAN
CAN,CAN
CAN,CAN
CAN,CAN
CAN,ISR
CAN,ISR
CAN,ISR
CAN,PSE
CAN,PSE
CHE,DEU
CHN,CHN
CHN,MEX
CHN,NIC
CHN,NIC
CHN,CHN
DEU,FRA
DEU,FRA
DEU,FRA
DEU,FRA
DEU,TUN
DEU,TUN
FRA,DEU
FRA,FRA
FRA,DEU
FRA,DEU
FRA,DEU
FRA,FRA
GBR,JPN
GBR,GBR
GHA,GHA
EUR,EUR
PGS,SAU
IND,SAS
ISR,ISR
ISR,USA
ISR,ISR
LBN,LBN
LTU,AFG
LTU,AFG
LTU,BLR
LTU,BLR
LTU,BLR
LTU,AFG
MEX,CHN
MEX,CHN
MEX,CHN
NGA,BEN
NGA,BEN
PHL,USA
PHL,USA
SAS,IND
SAU,PGS
SDN,USA
SDN,USA
TUN,DEU
TUN,DEU
USA,AFG
USA,ISR
USA,LKA
USA,PHL
USA,PHL
USA,PHL
USA,PHL
USA,USA
USA,USA
USA,USA
USA,USA
USA,USA
USA,USA
USA,USA
USA,USA
USA,USA
PSE,ISR
RUS,DEU
RUS,DEU
AFR,EUR
AFR,EUR
AFR,EUR
AFR,RUS
AFR,USA
ARM,AZE
AUS,NZL
AZE,TUR
AZE,TUR
CHE,ITA
CHE,ITA
CHE,ITA
CHN,AFR
CHN,AFR
CHN,CHN
CHN,CHN
CHN,JPN
CHN,JPN
CHN,USA
CHN,USA
CHN,USA
CHN,CHN
EGY,SDN
ESP,TUR
ESP,TUR
EUR,AFR
EUR,AFR
EUR,AFR
FRA,ESP
FRA,ESP
FRA,MLI
FRA,MLI
FRA,MLI
GBR,AUT
GBR,IRL
GBR,USA
GBR,AUT
GRC,FRA
GRC,FRA
HTI,MEX
HTI,MEX
EUR,WST
WST,AZE
WST,EUR
WST,MLI
WST,MLI
WST,MLI
ISR,IRN
ISR,IRN
ISR,ISR
ISR,ISR
ISR,IRN
ISR,ISR
ITA,CHE
ITA,CHE
ITA,CHE
ITA,TUR
ITA,TUR
JPN,CHN
JPN,CHN
JPN,JPN
JPN,KOR
JPN,KOR
JPN,KOR
JPN,KOR
JPN,KOR
JPN,TWN
JPN,JPN
KHM,SGP
KHM,SGP
KHM,TWN
KOR,JPN
KOR,JPN
KOR,KOR
KOR,KOR
MEX,HTI
MEX,HTI
MLI,RUS
MLI,RUS
MLI,RUS
MLI,RUS
MLI,RUS
MLI,RUS
KOR,KOR
MYS,MYS
NGA,NGA
NGA,NGA
NGA,NGA
NGA,NGA
NZL,CHN
NZL,CHN
PRK,USA
PSE,ISR
RUS,RUS
RUS,RUS
RUS,TUR
RUS,TUR
RUS,USA
RUS,USA
RUS,USA
RUS,RUS
SAS,SAS
SAS,SAS
SGP,KHM
SGP,KHM
SGP,TWN
SGP,TWN
SYR,TUR
TUR,AZE
TUR,AZE
TUR,ESP
TUR,ESP
TUR,ITA
TUR,ITA
TUR,TUR
TUR,TUR
TUR,TUR
TWN,CHN
TWN,CHN
TWN,JPN
TWN,KHM
TWN,SGP
TWN,SGP
TWN,CHN
TWN,CHN
UKR,BGR
USA,AFR
USA,GBR
USA,GBR
USA,GBR
USA,NMR
USA,USA
USA,USA
USA,USA
USA,RUS
USA,USA
USA,USA
VNM,USA
VNM,USA
VNM,USA
AFR,ZAF
AFR,ZAF
AFR,ZAF
AUS,POL
BEL,BEL
BEL,GBR
BEL,GBR
BGR,BGR
BGR,GBR
BGR,GBR
CHN,CHN
CHN,CHN
CHN,CHN
CHN,USA
CHN,CHN
CHN,CHN
CHN,CHN
CHN,CHN
CHN,CHN
CHN,CHN
COL,IDN
COL,IDN
CUB,CUB
CUB,CUB
GBR,BEL
GBR,BGR
GBR,GBR
GBR,GBR
GBR,GBR
GBR,GBR
GBR,GBR
GBR,GBR
GBR,GBR
GBR,GBR
GBR,HUN
GBR,HUN
GBR,SWE
GBR,USA
GBR,USA
GBR,GBR
GBR,GBR
GBR,GBR
GBR,GBR
GBR,GBR
GBR,GBR
GBR,GBR
GBR,GBR
GBR,GBR
GBR,GBR
HUN,GBR
HUN,GBR
HUN,GBR
HUN,GBR
HUN,HUN
IDN,COL
IDN,COL
SEA,CHN
SEA,CHN
IND,IND
IND,IND
IRQ,TUR
IRQ,TUR
ISR,LBN
ISR,USA
ISR,RUS
ISR,RUS
LBN,LBN
LBN,LBN
LBN,USA
LBN,LBN
LBN,LBN
LBN,LBN
LBN,LBN
LBY,TUR
LBY,TUR
LBY,TUR
USA,IND
USA,IND
MYS,SAU
NGA,NGA
NGA,NGA
NZL,TON
PAK,MDV
PHL,PHL
POL,GBR
POL,POL
POL,POL
POL,POL
QAT,QAT
RUS,SYR
SAU,EGY
SAU,EGY
SAU,MYS
SWE,GBR
SWE,GBR
SWE,GBR
TUR,LBY
TUR,LBY
TUR,LBY
TUR,TUR
USA,CHN
USA,CHN
USA,CHN
USA,GBR
USA,LBN
USA,LBN
USA,USA
USA,USA
USA,USA
USA,USA
USA,DEU
USA,DEU
USA,FRA
USA,FRA
USA,IRN
USA,IRN
USA,IRN
USA,USA
USA,USA
YEM,IRN
ZAF,ZAF
ZAF,AFR
ZAF,ZAF
USA,USA
TUN,TUN
AFG,AFG
AFG,USA
AFG,USA
AFG,AFG
AFG,AFG
AFG,USA
AFG,USA
AUT,IRN
BEL,EUR
CAN,AFG
CAN,AFG
CAN,AFG
CHE,JPN
CHE,JPN
CHE,CHE
CHE,CHE
CHN,AFG
CHN,AFG
CHN,CHN
CHN,CHN
CHN,CHN
CHN,CHN
CHN,CHN
CHN,MEA
CHN,PAK
CHN,PAK
CHN,CHN
CHN,CHN
CHN,CHN
CHN,CHN
CHN,CHN
CHN,CHN
CHN,CHN
CHN,CHN
CUB,CUB
ESP,CAN
EUR,RUS
EUR,RUS
GBR,AUS
GBR,GBR
GBR,NGA
GBR,NGA
EUR,BEL
EUR,RUS
IND,PAK
IRN,AFG
IRN,AFG
IRN,USA
IRN,AFG
ISR,PSE
ISR,PSE
ISR,PSE
JPN,TWN
JPN,TWN
PAK,CHN
PAK,CHN
PAK,CHN
PAK,IND
PAK,MEA
PSE,ISR
PSE,RUS
PSE,RUS
QAT,PSE
RUS,AFG
RUS,EUR
RUS,USA
RUS,USA
RUS,USA
UGA,UGA
UGA,UGA
UGA,USA
UKR,RUS
USA,AFG
USA,CUB
USA,CUB
USA,CUB
USA,USA
USA,USA
USA,USA
USA,UGA
USA,USA
AFG,AFG
CHN,GBR
CHN,GBR
DEU,ESP
DOM,MYS
EGY,SDN
ESP,DEU
ESP,DEU
ESP,ITA
ESP,ITA
ESP,ITA
ESP,ITA
ESP,ITA
ESP,ITA
ESP,MAR
ESP,MAR
ESP,MAR
ESP,MAR
FIN,USA
FRA,AUT
FRA,AUT
FRA,ISR
FRA,ISR
FRA,USA
FRA,USA
GBR,CHN
GBR,CHN
GBR,CHN
GBR,CHN
GBR,CHN
GBR,GBR
GBR,GBR
IND,IND
IRL,IRL
ISR,ISR
ISR,ISR
ITA,ESP
ITA,MAR
ITA,MAR
ITA,MAR
MAR,ESP
MAR,ESP
MAR,ITA
MAR,ITA
MDV,TWN
MMR,THA
USA,MYS
NGA,NGA
NGA,NGA
NGA,NGA
NGA,NGA
PAK,AFG
PAK,AFG
RUS,RUS
THA,SEA
THA,MMR
THA,MMR
THA,MMR
TUR,CYP
TUR,CYP
TWN,CHN
TWN,MDV
UKR,USA
USA,FRA
USA,UKR
USA,USA
USA,USA
USA,ZWE
USA,ZWE
USA,USA
USA,EUR
USA,USA
USA,USA
ZWE,USA
ZWE,USA
ITA,ITA
ITA,ITA
AFG,WST
AFG,WST
AFG,WST
AFG,ITA
AFG,AFG
AFR,BDI
AFR,GBR
AFR,GBR
ARE,ARE
AUS,GBR
AUS,GBR
AUS,GBR
AUS,GBR
AUS,GBR
AUS,GBR
AUS,AUS
AUS,AUS
CHN,NIC
CHN,TWN
CHN,TWN
DEU,HUN
DEU,POL
DEU,DEU
DEU,HUN
DEU,HUN
DEU,POL
ESP,ESP
EUR,GBR
FIN,GBR
FRA,SRB
FRA,SRB
GBR,AFR
GBR,AUS
GBR,AUS
GBR,AUS
GBR,AUS
GBR,AUS
GBR,EUR
GBR,USA
GBR,GBR
EUR,GBR
IND,PAK
IRN,USA
IRN,USA
IRN,USA
IRN,USA
IRN,USA
IRQ,ISR
IRQ,ISR
IRQ,ISR
IRQ,ISR
IRQ,USA
IRQ,USA
IRQ,USA
IRQ,USA
IRQ,USA
IRQ,USA
IRQ,USA
MLT,SOM
USA,GBR
PAK,IND
RUS,AFG
RUS,AFG
SGP,SGP
SGP,USA
SGP,SGP
USA,USA
USA,USA
USA,USA
USA,USA
USA,USA
USA,USA
USA,USA
USA,USA
USA,SGP
USA,USA
USA,USA
PSE,ISR
ITA,ITA
VAT,ITA
VAT,ITA
AFG,AFG
AFG,AFG
BEL,ITA
CAN,GBR
CAN,GBR
CHN,CHN
CHN,CHN
CHN,CHN
DEU,DEU
DEU,DEU
DEU,NOR
DEU,USA
DEU,DEU
DEU,DEU
EGY,ISR
EUR,IRL
GRC,MDV
IND,IND
IND,IND
IND,ISR
IND,PAK
IND,PAK
IND,PAK
IND,PAK
IND,PAK
IND,PAK
IND,PAK
IND,PAK
IND,PAK
IND,PAK
IND,IND
IND,USA
IRL,USA
IRL,USA
IRL,EUR
IRL,IRL
ISR,EGY
ISR,EGY
ISR,ISR
ISR,PSE
ISR,PSE
ITA,BEL
MDV,GRC
GBR,CAN
GBR,CAN
GBR,USA
JPN,AFR
USA,USA
NGA,NGA
USA,IND
NMR,EUR
NOR,DEU
NOR,ISR
NOR,ISR
NOR,ISR
NOR,ISR
NOR,PSE
NOR,USA
NOR,ISR
NOR,ISR
PAK,IND
PAK,PAK
PAK,PAK
PAK,PAK
PAK,PAK
PAK,PAK
PAK,PAK
PAK,PAK
PAK,PAK
PAK,PAK
PAK,PAK
PAK,PAK
PHL,PHL
PHL,PHL
PHL,PHL
POL,ISL
POL,ISL
PSE,ISR
PSE,ISR
SWE,SWE
SWE,SWE
SWE,SWE
SWE,SWE
USA,DEU
USA,EUR
USA,IRL
USA,NOR
USA,USA
USA,USA
USA,USA
USA,USA
USA,USA
USA,USA
USA,USA
VAT,ITA
VAT,ITA
AFG,AFG
AFG,AFG
AFG,AFG
AFG,AFG
AFG,CHN
AFG,CHN
AFR,USA
AFR,USA
AZE,AZE
AZE,AZE
AZE,TUR
BRA,BRA
CAN,CAN
CAN,USA
CAN,USA
CHN,AFG
CHN,AFG
CHN,AFG
CHN,IND
CHN,IND
CHN,PAK
CHN,PAK
CHN,RUS
CHN,RUS
CHN,RUS
CHN,USA
CHN,USA
CHN,USA
CHN,USA
CHN,AFG
CHN,CHN
CHN,CHN
COL,FRA
EGY,EGY
EGY,LBN
EGY,SYR
EGY,SYR
EGY,SYR
EGY,SYR
EGY,EGY
EGY,EGY
ESP,USA
EUR,CHL
EUR,CHL
EUR,ESP
EUR,ESP
FRA,COL
GBR,ARE
GBR,IDN
GBR,IDN
GBR,ITA
GBR,PRT
GBR,GBR
GRC,GRC
GRC,GRC
IDN,GBR
IDN,IDN
IDN,IDN
IDN,NPL
IDN,GBR
IDN,IDN
IDN,IDN
CAS,RUS
IND,GBR
IND,PAK
IND,PAK
IND,PAK
IND,PAK
IND,IND
IND,IND
IND,IND
IND,IND
IND,IND
IND,IND
IND,IND
IND,IND
IND,IND
IND,IND
IND,IND
IRL,NLD
IRN,TUR
ISR,PSE
ISR,PSE
ISR,PSE
ITA,GBR
ITA,GBR
ITA,USA
ITA,USA
ITA,USA
ITA,USA
ITA,USA
LBN,EGY
LBN,EGY
LBN,EGY
LBN,EGY
LBN,EGY
LBN,EGY
LBN,RUS
LBN,RUS
MMR,MMR
MMR,MMR
NLD,IRL
NLD,IRL
NLD,IRL
PAK,IND
PAK,IND
PSE,ISR
RUS,CHL
RUS,CHL
RUS,CHL
RUS,CAS
RUS,LBN
RUS,LBN
RUS,PAK
SDN,SDN
SSD,VNM
TUR,IRN
TUR,IRN
TUR,VNM
USA,AFG
USA,AFG
USA,AFG
USA,IRN
USA,IRN
USA,USA
USA,USA
USA,USA
USA,USA
USA,USA
USA,USA
USA,USA
USA,VNM
USA,USA
USA,USA
USA,USA
USA,USA
USA,AFG
VNM,CHN
VNM,CHN
VNM,SSD
VNM,TUR
VNM,USA
VNM,CHN
VNM,CHN
ZAF,USA
ZAF,USA
ESP,GBR
GBR,ESP
NOR,EUR
NOR,THA
AFG,IRN
AFG,BEL
AFR,ETH
AFR,ZAF
AFR,ZAF
ARE,ARE
ARE,ARE
ARE,ARE
ARE,ARE
ARE,ARE
AUS,USA
AUS,AUS
AUS,AUS
AZE,AZE
AZE,AZE
BEL,AFG
CHN,NIC
CHN,NIC
CHN,NIC
CHN,NIC
EGY,USA
EGY,USA
EGY,USA
EGY,USA
ESP,FRA
ESP,FRA
ETH,AFR
EUR,AFR
EUR,IRN
FRA,IRN
FRA,IRN
FRA,IRN
GBR,GBR
GBR,GBR
GBR,IRL
GBR,IRL
GBR,NGA
GBR,NGA
GBR,NGA
GBR,NGA
GBR,VNM
GBR,VNM
GBR,VNM
GBR,VNM
GBR,GBR
GBR,USA
GBR,GBR
GRC,GRC
IRL,GBR
IRL,GBR
IRL,GBR
IRL,GBR
IRL,GBR
IRL,GBR
IRL,GBR
IRL,GBR
IRL,IRL
IRL,IRL
IRL,IRL
IRL,IRL
IRL,IRL
IRL,IRL
IRN,EUR
ITA,JOR
ITA,JOR
ITA,USA
JOR,GBR
JOR,ITA
JOR,ITA
KEN,KEN
LBN,EGY
LBN,EGY
NGA,NGA
NGA,NGA
NGA,NGA
NGA,NGA
NGA,NGA
NIC,CHN
NIC,CHN
NIC,CHN
NIC,CHN
PAK,PAK
POL,UKR
POL,UKR
POL,UKR
POL,UKR
POL,UKR
POL,UKR
POL,UKR
POL,UKR
POL,UKR
POL,UKR
POL,UKR
PRT,ITA
QAT,AFR
QAT,AFR
TUR,GBR
UKR,POL
UKR,POL
UKR,POL
UKR,POL
UKR,POL
USA,CHN
USA,CHN
USA,EGY
USA,GBR
USA,GBR
USA,GBR
USA,ITA
USA,USA
USA,USA
USA,USA
USA,USA
ZAF,AFR
ZAF,AFR
ZAF,AFR
ZAF,AFR
ZAF,AFR
ZAF,TON
ZAF,TON
ZAF,AFR
ZAF,AFR
ZAF,ZAF
KHM,CHN
KHM,CHN
SEA,CHN
SEA,CHN
USA,SGP
TUN,TUN
AFG,GBR
AFR,BFA
AFR,BFA
AFR,BFA
AFR,BWA
AFR,BWA
AFR,BWA
AFR,MLI
AFR,MLI
AFR,MLI
AFR,NER
AFR,NER
AFR,NER
AFR,SEN
AFR,SEN
AFR,SEN
AFR,TZA
AFR,TZA
AFR,UGA
BGR,BGR
BGR,BGR
BRA,USA
CAN,CAN
CAN,TUR
CAN,TUR
CHE,BGR
CHE,BGR
CHN,AFR
CHN,AFR
CHN,AFR
CHN,AFR
CHN,AFR
CHN,AFR
CHN,AFR
CHN,CHN
CHN,SEA
CHN,USA
CHN,USA
CHN,ZAF
CHN,ZAF
CHN,ZAF
ESP,TUR
ESP,TUR
EUR,DEU
EUR,RUS
EUR,RUS
GBR,IRL
GBR,IRL
GRC,TUR
GRC,TUR
IDN,CHN
SEA,CHN
IND,IND
IRL,GBR
IRL,GBR
IRL,GBR
IRL,IRL
IRL,IRL
IRN,IRQ
IRN,IRQ
IRN,USA
IRN,USA
ISR,ISR
ISR,ISR
ISR,RUS
ISR,RUS
ISR,ISR
KHM,CHN
KHM,CHN
KHM,CHN
KOR,TUR
KOR,TUR
MEX,USA
MEX,USA
NOR,TUR
NOR,TUR
PSE,ISR
RUS,MDA
SEA,KHM
THA,TUR
THA,TUR
TUR,QAT
TWN,CHN
TWN,CHN
TWN,ITA
TWN,TUR
TWN,TUR
UKR,RUS
UKR,RUS
UKR,USA
UKR,USA
UKR,USA
UKR,USA
UKR,USA
UKR,USA
USA,CHN
USA,CHN
USA,MEX
USA,MEX
USA,UKR
USA,UKR
USA,UKR
USA,VNM
USA,UKR
USA,USA
USA,VAT
VNM,TUR
VNM,TUR
ZAF,CHN
ZAF,CHN
ZAF,IRL
ZAF,IRL
ZAF,IRL
BGD,IND
SWE,USA
SWE,USA
USA,SWE
USA,SWE
AFR,AFR
AFR,AFR
AFR,USA
AFR,USA
AFR,USA
AFR,ZAF
AFR,ZAF
AFR,ZAF
AFR,ZAF
AFR,ZAF
ARE,SAU
ARE,SAU
AUS,USA
BEL,MMR
BEL,POL
CAN,CAN
CAN,NMR
CAN,NMR
CAN,CAN
CHE,CHE
CHN,CHE
CHN,RUS
CHN,RUS
CHN,RUS
DEU,POL
DEU,POL
DEU,POL
ESP,MEX
ESP,MEX
FIN,SWE
GBR,NGA
GBR,NGA
GBR,NGA
GBR,NGA
GBR,TUR
GBR,TUR
GBR,VNM
GBR,VNM
GBR,VNM
GBR,VNM
EUR,MMR
EUR,MMR
IND,PAK
ISR,ISR
ISR,KEN
ISR,KEN
ISR,PSE
ISR,PSE
ISR,PSE
ISR,ISR
ISR,ISR
ISR,ISR
ISR,ISR
MCO,TUR
MEX,ESP
MEX,ESP
MEX,USA
NGA,NGA
NGA,NGA
NGA,NGA
NGA,NGA
NMR,CAN
NMR,CAN
NMR,USA
NMR,USA
NMR,USA
POL,DEU
POL,DEU
POL,DEU
POL,POL
POL,POL
POL,POL
POL,POL
POL,POL
POL,POL
PSE,ISR
PSE,ISR
PSE,ISR
PSE,ISR
PSE,ISR
PSE,ISR
PSE,ISR
PSE,ISR
PSE,ISR
PSE,ISR
PSE,PSE
RUS,CHN
RUS,CHN
RUS,RUS
RUS,CHN
TWN,CHN
TWN,CHN
TWN,CHN
USA,GBR
USA,GBR
USA,GBR
USA,MEX
USA,NMR
USA,NMR
USA,NMR
USA,USA
USA,USA
USA,USA
VAT,ITA
VAT,USA
ZAF,ZAF
ZAF,ZAF
ZAF,ZAF
ZAF,AFR
GBR,GBR
AUS,GBR
AUS,GBR
AUS,AUS
BDI,SSD
BDI,SSD
BGD,DEU
BGD,DEU
BGD,DEU
BGD,GBR
BGD,GBR
BGD,GBR
BGD,GBR
BGD,PAK
BGD,PAK
BGD,PAK
BGD,PAK
BGD,USA
BGD,USA
BRA,USA
BRA,USA
CHE,UKR
CHN,CHN
CHN,NIC
CHN,NIC
CHN,NIC
CHN,NIC
CHN,NIC
CHN,PRK
CHN,RUS
CHN,RUS
CHN,TWN
CHN,TWN
CHN,TWN
CHN,USA
CHN,CHN
CHN,TWN
DEU,BGD
DEU,BGD
DEU,BGD
DEU,BGD
DEU,BGD
DEU,BGD
DEU,DEU
DEU,GBR
DEU,GBR
GBR,AUS
GBR,BGD
GBR,BGD
GBR,BGD
GBR,BGD
GBR,BGD
GBR,BGD
GBR,GBR
GBR,USA
GBR,GBR
GBR,GBR
IND,IND
IND,IND
IND,IND
IND,IND
IRL,IRL
IRL,IRL
IRL,IRL
IRN,IRQ
IRN,IRQ
IRN,IRQ
IRN,ISR
IRN,USA
IRN,USA
IRN,USA
IRN,IRN
IRN,IRN
IRQ,USA
IRQ,USA
ISR,PSE
ISR,ISR
JPN,JPN
JPN,JPN
KOR,CHN
KOR,PRK
KOR,USA
MDV,USA
MDV,USA
MDV,USA
MEX,USA
MEX,USA
MEX,USA
NGA,NGA
NGA,NGA
NGA,NGA
NIC,CHN
NIC,CHN
NIC,CHN
PRK,CHN
PRK,USA
PSE,ISR
PSE,ISR
PSE,ISR
PSE,ISR
PSE,ISR
PSE,ISR
PSE,ISR
PSE,PSE
RUS,CHN
RUS,CHN
RUS,TUR
RUS,UKR
RUS,USA
RUS,USA
RUS,USA
RUS,RUS
RUS,RUS
RWA,SSD
RWA,SSD
RWA,SSD
SSD,BDI
SSD,BDI
SSD,RWA
SSD,RWA
SSD,RWA
SYR,IRN
SYR,IRN
TWN,USA
UKR,USA
UKR,USA
UKR,USA
UKR,USA
UKR,USA
UKR,USA
UKR,USA
UKR,USA
USA,AFG
USA,BGD
USA,BGD
USA,BGD
USA,BGD
USA,BRA
USA,BRA
USA,BRA
USA,BRA
USA,CHN
USA,CHN
USA,GBR
USA,IRN
USA,IRQ
USA,IRQ
USA,ISR
USA,ISR
USA,MDV
USA,MEX
USA,MEX
USA,MEX
USA,MEX
USA,PRK
USA,UKR
USA,UKR
USA,UKR
USA,UKR
USA,UKR
USA,UKR
USA,UKR
USA,USA
USA,USA
USA,USA
USA,USA
USA,USA
USA,USA
USA,RUS
USA,RUS
USA,RUS
USA,CHN
USA,UKR
USA,USA
USA,USA
USA,USA
VNM,CHN
VNM,USA
VNM,USA
VNM,VNM
VNM,CUB
ZAF,IRL
ARM,RUS
ARM,RUS
AFG,AFG
AFG,AFG
AFG,AFG
AFG,USA
AFG,USA
AFG,USA
AFG,AFG
AFG,AFG
AFG,AFG
AFG,USA
ARE,SAU
AZE,USA
AZE,USA
BGD,BGD
CAN,GRC
CAN,AFG
CAN,AFG
CAN,AFG
CAN,AFG
CAN,AFG
CHN,AFG
CHN,AFG
CHN,AFG
CHN,CHN
CHN,NMR
CHN,PAK
CHN,PAK
CHN,PAK
CHN,RUS
CHN,RUS
CHN,TWN
CHN,TWN
CHN,TWN
CHN,TWN
CHN,TWN
CHN,USA
CHN,USA
CHN,USA
CHN,USA
CHN,USA
CHN,USA
CHN,USA
CHN,USA
DEU,FRA
DEU,FRA
DEU,FRA
EGY,SAU
EGY,SAU
EGY,SAU
EGY,SAU
EGY,SAU
EGY,SDN
EGY,SDN
EGY,EGY
EGY,EGY
FRA,DEU
FRA,USA
GBR,USA
GUY,USA
GUY,USA
IDN,IDN
IND,IND
IND,IND
IND,IND
IND,PAK
IND,PAK
IND,IND
IND,IND
IRN,AFG
IRN,IRN
JPN,JPN
JPN,JPN
GBR,GBR
USA,USA
MWI,MWI
NGA,NGA
NGA,NGA
NGA,NGA
PAK,PAK
PAK,PAK
PAK,RUS
PAK,RUS
PAK,RUS
PAK,USA
PAK,USA
PAK,USA
PAK,PAK
PAK,PAK
RUS,RUS
RUS,RUS
RUS,UKR
RUS,UKR
TWN,CHN
TWN,CHN
TWN,CHN
TWN,TWN
UKR,RUS
UKR,RUS
USA,AFR
USA,AFR
USA,AZE
USA,AZE
USA,GBR
USA,RUS
USA,RUS
USA,USA
USA,USA
USA,USA
USA,USA
USA,USA
USA,USA
USA,USA
USA,USA
USA,AFG
USA,AFG
USA,AFG
USA,AFG
USA,USA
USA,USA
USA,USA
USA,CHN
USA,CHN
USA,CHN
USA,USA
USA,USA
USA,USA
USA,USA
USA,USA
USA,USA
USA,USA
USA,USA
YEM,IRN
YEM,IRN
YEM,SAU
FRA,FRA
AFR,ZAF
AUS,USA
AUS,USA
BHR,BHR
CHN,CHN
CHN,NIC
CHN,NIC
CHN,NIC
CHN,NIC
CHN,NIC
CHN,NIC
CHN,NIC
CHN,NIC
CHN,NIC
CHN,NIC
CHN,NIC
CHN,TWN
CHN,TWN
CHN,CHN
CHN,TWN
CHN,TWN
COL,PAN
COL,PAN
EGY,EGY
EGY,SOM
EGY,SOM
ESP,PAN
ESP,PAN
GBR,IRL
GBR,IRL
GBR,IRL
GHA,GHA
GHA,GHA
IDN,IDN
IDN,IDN
IDN,IDN
IDN,IDN
IDN,IDN
IDN,IDN
IRL,IRL
ISR,BHR
ISR,ISR
ISR,ISR
KEN,KEN
KOR,VNM
KOR,VNM
KOR,KOR
KOR,KOR
KOR,KOR
NGA,GHA
NGA,NGA
NIC,CHN
NMR,EUR
PAK,PAK
PAK,PAK
PAN,COL
PAN,ESP
RUS,ARG
RUS,UKR
TWN,CHN
TWN,CHN
TWN,CHN
TWN,CHN
TWN,CHN
UKR,RUS
USA,AUS
USA,AUS
USA,EUR
USA,USA
VNM,KOR
YEM,SAU
ZAF,AFR
ZAF,AFR
USA,USA
USA,USA
AFG,AFG
AFG,RUS
AFG,RUS
AFG,RUS
AFG,RUS
AFR,PSE
AFR,ZAF
ARM,AFG
ARM,AFG
BGD,BGD
BLR,AFG
CAN,EUR
CAN,EUR
CHN,CHE
CHN,CHE
CHN,CHE
CHN,NIC
CHN,NIC
CHN,NIC
EUR,USA
GBR,USA
EUR,RUS
WST,RUS
WST,RUS
ISR,AFR
ISR,ISR
ISR,ISR
ISR,PSE
ISR,PSE
ISR,PSE
ISR,PSE
ISR,PSE
ISR,ISR
ISR,ISR
ISR,ISR
ISR,ISR
ISR,ISR
ISR,ISR
ISR,ISR
ISR,PSE
ISR,PSE
ISR,PSE
ISR,PSE
KGZ,AFG
KGZ,AFG
NGA,NGA
NGA,NGA
NGA,NGA
NGA,NGA
NIC,CHN
NIC,CHN
NIC,CHN
NIC,CHN
PSE,ISR
PSE,ISR
PSE,ISR
PSE,ISR
PSE,ISR
PSE,ISR
PSE,PSE
PSE,PSE
RUS,AFG
RUS,AFG
RUS,AFG
RUS,AFG
RUS,AFG
RUS,AFG
RUS,AFG
RUS,AFG
RUS,AFG
RUS,RUS
RUS,RUS
RUS,UKR
RUS,AFG
RUS,AFG
RUS,RUS
THA,THA
THA,THA
THA,THA
TWN,CHN
TWN,CHN
TWN,CHN
TWN,CHN
UKR,AFG
UKR,AFG
USA,EUR
USA,GBR
USA,USA
USA,USA
USA,USA
USA,USA
USA,USA
USA,USA
USA,USA
USA,USA
USA,USA
USA,USA
USA,USA
ZAF,AFR
ZAF,AFR
ZAF,AFR
ZAF,ZAF
ZAF,AFR
ZAF,ZAF
MYS,MYS
MYS,MYS
CHN,IND
CHN,IND
IND,CHN
IND,CHN
AFR,GHA
AFR,AFR
AUT,IRN
CAN,SGP
CAN,SGP
CAN,SGP
CAN,CAN
CAN,CAN
CAN,CAN
CAN,CAN
DEU,POL
DEU,DEU
DEU,DEU
EGY,EGY
EGY,EGY
EGY,EGY
EGY,EGY
ESP,USA
FRA,IRN
FRA,ITA
FRA,ITA
FRA,ITA
FRA,ITA
FRA,IRN
FRA,FRA
GBR,GBR
GBR,GBR
GBR,EUR
GBR,SWE
GBR,USA
GBR,USA
GBR,USA
GBR,ZWE
GBR,ZWE
GBR,GBR
GBR,EUR
GHA,AFR
GIN,SEN
GNB,SEN
EUR,GBR
EUR,GBR
WST,RUS
WST,UKR
IND,IND
IND,IND
IRN,AUT
IRN,AUT
IRN,AUT
IRN,USA
ISL,USA
ISR,LUX
ISR,ISR
ISR,PSE
ITA,FRA
ITA,FRA
ITA,FRA
ITA,FRA
ITA,FRA
ITA,FRA
ITA,NPL
ITA,NPL
ITA,NPL
ITA,VAT
ITA,VAT
KEN,TZA
LUX,ISR
LUX,PSE
LUX,PSE
POL,DEU
POL,POL
POL,POL
POL,POL
POL,RUS
POL,RUS
POL,RUS
POL,RUS
POL,RUS
PSE,LUX
PSE,LUX
RUS,RUS
RUS,RUS
SEN,GIN
SEN,GNB
SWE,GBR
TWN,CHN
TZA,KEN
UKR,WST
UKR,WST
UKR,WST
UKR,WST
UKR,WST
USA,EGY
USA,EGY
USA,EGY
USA,EGY
USA,EGY
USA,EGY
USA,ESP
USA,ESP
USA,EUR
USA,GBR
USA,GBR
USA,IRN
USA,IRN
USA,USA
USA,USA
USA,USA
USA,ISL
USA,USA
USA,USA
USA,USA
USA,USA
USA,USA
VNM,USA
VNM,USA
ZAF,AFR
ZAF,AFR
ZAF,AFR
ZWE,GBR
ZWE,GBR
AFG,USA
AFG,USA
ARE,DZA
ARE,DZA
ARE,TUR
ARE,TUR
ARG,BRA
AUS,DNK
BHS,TUN
BHS,TUN
BRA,ARG
BRN,MYS
BRN,MYS
CAN,USA
CAN,CAN
DZA,ARE
DZA,ARE
DZA,TUR
DZA,TUR
EUR,USA
FRA,ISR
GBR,EUR
GBR,MYS
EUR,LBY
IRL,EUR
IRL,EUR
IRL,EUR
IRL,IRL
IRL,EUR
IRL,IRL
IRN,IRQ
IRN,IRQ
IRQ,IRN
IRQ,IRN
ISR,FRA
ISR,ISR
MYS,CYM
MYS,CYM
MYS,MYS
MYS,MYS
NGA,GHA
NGA,GHA
NLD,USA
PAK,GBR
PAK,GBR
PAK,IND
PAK,PAK
PAK,PAK
PAK,PAK
PAK,PAK
PAK,PAK
PAK,PAK
PHL,PHL
PHL,PHL
PHL,PHL
PHL,PHL
PSE,ZAF
PSE,ZAF
QAT,USA
QAT,USA
RUS,CHN
TUR,ARE
TUR,ARE
TUR,DZA
TUR,DZA
USA,EUR
USA,IRN
USA,IRQ
USA,IRQ
USA,TUR
USA,TUR
USA,USA
USA,USA
ZAF,PSE
ZAF,PSE
ZAF,ISR
ZAF,ISR
CAN,VAT
IDN,USA
AFR,AFR
AFR,AFR
AFR,AFR
AFR,ZAF
AFR,AFR
AFR,AFR
ARE,ARE
AUS,AUS
AUS,USA
AUS,USA
AUS,CAN
AUS,GBR
AUS,GBR
CAN,AUS
CHN,CUB
CHN,TWN
CHN,TWN
CUB,CHN
CUB,CHN
CUB,CHN
DEU,IND
GBR,AUS
GBR,AUS
IDN,USA
IDN,USA
IDN,USA
IDN,IDN
SEA,ARE
WST,UKR
WST,UKR
IRN,AUT
IRN,AUT
IRN,AUT
IRN,IRQ
IRN,IRQ
IRN,ISR
IRN,ISR
IRN,ISR
IRN,SYR
IRN,USA
IRN,USA
IRQ,IRN
IRQ,IRN
ISR,IRN
ISR,IRN
ISR,IRN
ITA,EUR
USA,USA
NLD,AUS
RUS,RUS
RUS,UKR
RUS,UKR
RUS,USA
RUS,USA
RUS,USA
RUS,USA
RUS,USA
RUS,RUS
RUS,UKR
RUS,UKR
RUS,UKR
SYR,IRN
SYR,IRN
TWN,CHN
TWN,CHN
TWN,CHN
TWN,CHN
TWN,CHN
TWN,TWN
UKR,RUS
UKR,RUS
UKR,UKR
UKR,RUS
UKR,RUS
USA,AUS
USA,IRN
USA,MEX
USA,MEX
USA,USA
USA,USA
USA,USA
USA,RUS
USA,RUS
USA,RUS
USA,RUS
USA,RUS
USA,USA
USA,USA
USA,USA
USA,USA
USA,USA
USA,USA
USA,USA
USA,USA
USA,AUS
USA,AUS
VCT,USA
VCT,USA
ZAF,AFR
ZAF,AFR
ZAF,AFR
ZAF,ZAF
IRN,IRQ
IRN,IRQ
AFR,AFR
AFR,AFR
AFR,GBR
AFR,GBR
AFR,GBR
AFR,ZAF
AFR,ZAF
AFR,ZAF
AFR,ZAF
AFR,ZAF
AFR,ZAF
AFR,USA
AFR,USA
AFR,USA
AFR,ZAF
AGO,ETH
AGO,ETH
AGO,ETH
BEL,AFR
BGD,BGD
BGD,BGD
BWA,AFR
BWA,AFR
BWA,AFR
CAN,LBR
CHE,CHE
CHN,TWN
ETH,AGO
ETH,AGO
ETH,AGO
FIN,WST
FIN,RUS
FIN,RUS
FRA,FRA
FRA,GBR
FRA,IRN
GBR,AFR
GBR,AFR
GBR,AFR
GBR,FRA
GBR,ZAF
GRC,ESP
IND,IND
IND,IND
IRN,IRQ
IRN,IRQ
IRQ,AFR
IRQ,AFR
IRQ,AFR
IRQ,AFR
IRQ,IRN
IRQ,ZAF
IRQ,ZAF
KOR,VNM
KOR,VNM
KOR,VNM
KOR,VNM
LBR,CAN
LSO,AFR
LSO,AFR
LSO,AFR
MAC,MAC
MDV,MDV
MDV,MDV
MMR,MMR
MMR,MMR
NGA,NGA
NGA,NGA
NGA,NGA
NGA,NGA
NGA,NGA
NGA,NGA
PAK,IND
PAN,AFR
PAN,AFR
PAN,AFR
PHL,PHL
PSE,ISR
RUS,WST
RUS,WST
RUS,POL
RUS,POL
RUS,POL
RUS,POL
RUS,UKR
RUS,USA
RUS,USA
SEA,VNM
SEA,VNM
SEA,VNM
SEA,VNM
SWZ,AFR
SWZ,AFR
SWZ,AFR
SWZ,AFR
TUR,USA
USA,GBR
USA,IRQ
USA,IRQ
USA,IRQ
USA,IRQ
USA,PHL
USA,PHL
USA,TUR
USA,USA
USA,USA
USA,USA
USA,USA
USA,USA
VNM,KOR
VNM,KOR
VNM,KOR
VNM,KOR
VNM,SEA
VNM,VNM
YEM,SYR
ZAF,AFR
ZAF,AFR
ZAF,AFR
ZAF,GBR
ZAF,USA
ZAF,USA
ZAF,ZAF
ZAF,ZAF
ZAF,ZAF
ZAF,ZAF
ZAF,ZAF
ZAF,AFR
ZAF,AFR
ZAF,AFR
ZAF,AFR
ZAF,AFR
ZAF,USA
AFG,CHN
AFG,CHN
AFG,USA
AFR,GBR
AFR,GBR
AFR,GBR
AFR,USA
AFR,ZAF
AFR,ZAF
AFR,ZAF
AFR,ZAF
BEL,BEL
BEL,BEL
BEL,BEL
BEL,BEL
BEL,BEL
BMU,IRL
CAN,AFR
CAN,AFR
CAN,AFR
CAN,AFR
CAN,USA
CHE,WST
CHN,IRN
CHN,IRN
CHN,IRN
DEU,FRA
EUR,ZAF
FRA,RUS
GBR,USA
GBR,USA
GBR,GBR
GRC,MKD
GRC,MKD
GRC,MKD
GRC,USA
GRC,USA
GRC,USA
WST,CHE
IND,NLD
IRL,IRL
IRN,AFG
IRN,AFG
IRN,AFG
IRN,AFG
IRN,CHN
IRN,CHN
IRN,IRQ
IRN,RUS
IRN,USA
IRN,USA
IRN,USA
IRN,USA
IRN,USA
IRN,USA
IRN,AFG
IRN,AFG
IRQ,IRN
ISR,BHR
ISR,BHR
ISR,PSE
ISR,USA
ISR,USA
ISR,PSE
ISR,PSE
ISR,PSE
MKD,USA
MKD,USA
MKD,USA
MKD,USA
USA,USA
NGA,NGA
NLD,IND
NLD,AFR
PHL,PHL
POL,USA
POL,USA
PRK,KOR
PRK,KOR
PRK,USA
PRK,USA
PSE,ISR
PSE,ISR
RUS,IRN
RUS,IRN
SOM,EUR
SYR,IRL
SYR,IRL
SYR,SYR
SYR,USA
SYR,SYR
SYR,USA
SYR,USA
TUN,TUN
TUN,TUN
UKR,RUS
UKR,RUS
UKR,UKR
UKR,UKR
UKR,UKR
UKR,RUS
UKR,RUS
UKR,RUS
UKR,UKR
UKR,UKR
USA,AFG
USA,AFG
USA,AFG
USA,AZE
USA,CAN
USA,CHN
USA,CHN
USA,IRN
USA,IRQ
USA,PRK
USA,PRK
USA,RUS
USA,RUS
USA,SYR
USA,USA
USA,USA
USA,USA
USA,USA
USA,USA
USA,USA
USA,USA
USA,USA
USA,USA
USA,USA
VNM,VNM
ZAF,AFR
ZAF,ZAF
ZAF,TON
UZB,RUS
UZB,RUS
CHN,LKA
CHN,LKA
ITA,ITA
AFG,USA
AFR,CHN
AFR,CHN
AFR,USA
AFR,USA
AFR,USA
ARE,SAU
ARG,RUS
ARG,RUS
ARG,RUS
AUS,PHL
AUS,PHL
AUS,PHL
CHN,CHN
CHN,LKA
CHN,LKA
CHN,LKA
CHN,LKA
CHN,LKA
CHN,LKA
CHN,LKA
CHN,LKA
CHN,PHL
CHN,PHL
CHN,PHL
CHN,PRK
CHN,USA
CHN,AFR
CHN,AFR
CHN,VNM
CHN,CHN
DZA,FRA
DZA,FRA
ESP,ISR
FJI,FJI
FJI,FJI
FRA,DZA
FRA,FRA
GBR,GIN
GBR,RUS
GBR,GIN
GHA,NGA
GHA,NGA
GIN,GIN
GIN,GIN
GIN,GIN
GIN,GIN
IDN,USA
IDN,USA
SAF,ZMB
IND,IND
IRL,EUR
IRN,IRQ
IRN,IRQ
ISR,ESP
ISR,ISR
ISR,ISR
ISR,PSE
ISR,USA
ISR,USA
ISR,ISR
KOR,CHN
KOR,CHN
KOR,PRK
KOR,USA
LKA,CHN
LKA,CHN
LKA,CHN
LKA,CHN
LKA,CHN
LKA,CHN
NGA,GHA
NGA,GHA
PHL,AUS
PHL,AUS
PHL,CHN
PHL,CHN
PHL,PHL
PHL,PHL
PHL,PHL
PHL,AUS
PHL,AUS
PHL,CHN
PHL,PHL
PHL,PHL
PRK,CHN
PRK,USA
PRK,USA
PRK,USA
PRK,USA
PRK,USA
PRK,USA
PSE,ISR
PSE,ISR
PSE,PSE
PSE,PSE
RUS,ARG
RUS,ARG
RUS,ARG
RUS,RUS
SAU,ARE
SAU,ARE
SAU,ARE
SAU,SAU
USA,AFG
USA,AFR
USA,CHN
USA,IRN
USA,IRQ
USA,PRK
USA,PRK
USA,PRK
USA,PRK
USA,PRK
USA,PRK
USA,PRK
USA,PRK
USA,RUS
USA,SYR
USA,USA
USA,USA
USA,USA
USA,USA
USA,USA
USA,USA
USA,YEM
USA,ZMB
USA,ZMB
USA,ZMB
USA,USA
USA,USA
USA,AFR
USA,USA
USA,USA
USA,USA
USA,USA
USA,ZMB
VNM,CHN
VNM,CHN
VNM,CHN
ZAF,AFR
ZMB,USA
ZMB,USA
ZMB,USA
ZMB,USA
AFG,MEX
AFG,MEX
AFR,GAB
AFR,RUS
AFR,RUS
AFR,ZAF
AUS,AUS
AUS,CAN
AUS,CAN
AUS,KAZ
AUS,KAZ
AUS,KAZ
AUS,RUS
AUS,RUS
AUS,RUS
AUS,AUS
AUS,AUS
BGD,BGD
BGD,BGD
CHN,MYS
CHN,TWN
CHN,CHN
CHN,CHN
DEU,DEU
DEU,DEU
DEU,USA
DEU,USA
EGY,POL
EGY,POL
EGY,USA
EGY,USA
GBR,THA
GBR,THA
GBR,THA
GBR,THA
GBR,USA
GBR,USA
GBR,USA
GBR,USA
IDN,IDN
IDN,IDN
IDN,IDN
IDN,IDN
IND,ITA
IND,IND
IRN,KAZ
IRN,RUS
IRN,RUS
IRN,RUS
IRN,RUS
IRN,RUS
IRN,RUS
IRN,RUS
IRN,SYR
IRN,SYR
IRN,TUR
IRN,IRN
ISR,IRN
ISR,IRN
ISR,LBN
ISR,LBN
ITA,IND
KAZ,IRN
KAZ,RUS
KAZ,TUR
MEX,AFG
MMR,THA
USA,USA
PSE,ISR
PSE,ISR
RUS,AFR
RUS,AUT
RUS,AUT
RUS,IRN
RUS,IRN
RUS,IRN
RUS,IRN
RUS,IRN
RUS,IRN
RUS,IRN
RUS,IRN
RUS,KAZ
RUS,SYR
RUS,SYR
RUS,SYR
RUS,TUR
SRB,CHN
SRB,CHN
SYR,IRN
SYR,RUS
SYR,TUR
THA,GBR
THA,GBR
THA,MMR
THA,MMR
TUR,IRN
TUR,KAZ
TUR,RUS
TUR,SYR
TUR,SYR
UKR,RUS
UKR,UKR
UKR,UKR
UKR,UKR
UKR,USA
USA,AFR
USA,DEU
USA,EGY
USA,EGY
USA,EGY
USA,IRN
USA,IRN
USA,TWN
USA,TWN
USA,TWN
USA,UKR
USA,UKR
USA,UKR
USA,USA
USA,USA
USA,USA
USA,USA
USA,USA
USA,USA
USA,USA
USA,DEU
USA,DEU
USA,GBR
USA,GBR
USA,USA
USA,DEU
USA,USA
USA,USA
USA,USA
USA,USA
VCT,PHL
IRN,IRQ
IRN,IRQ
PER,USA
PER,USA
PER,USA
CAN,CAN
AFG,UZB
AFG,UZB
AFR,MOZ
AFR,MOZ
AFR,ZAF
ARE,UKR
ARE,UKR
AUS,KAZ
CHL,CHL
CHN,QAT
CHN,QAT
CHN,QAT
DEU,USA
DEU,USA
GBR,FRA
GBR,FRA
GBR,FRA
GBR,EUR
GHA,AFR
GHA,AFR
GHA,GHA
EUR,EUR
EUR,GBR
EUR,GBR
SEA,ARE
IND,LKA
IND,LKA
IND,NGA
IND,IND
LKA,IND
LKA,IND
LKA,IND
LKA,IND
USA,USA
PAK,UKR
PHL,ITA
POL,UKR
POL,UKR
RUS,RUS
RUS,RUS
RUS,USA
SAU,QAT
SAU,QAT
SAU,QAT
TUN,TUN
TUR,EUR
TUR,UKR
UKR,ARE
UKR,ARE
UKR,PAK
UKR,POL
UKR,POL
UKR,TUR
UKR,USA
UKR,USA
USA,DEU
USA,DEU
USA,UKR
USA,UKR
USA,USA
USA,USA
USA,USA
USA,USA
USA,USA
USA,USA
USA,USA
USA,USA
USA,USA
USA,USA
USA,USA
USA,USA
USA,USA
USA,USA
USA,USA
USA,USA
USA,USA
USA,USA
USA,USA
USA,USA
UZB,AFG
UZB,AFG
UZB,AFG
VAT,ITA
VNM,USA
VNM,VNM
ZAF,AFR
ZAF,AFR
ZAF,USA
ZAF,AFR
AFG,AFG
AFG,AFG
AFG,AFG
AFG,AFG
AFG,AFG
AFG,AFG
AFG,AFG
AFG,AFG
AFR,AFR
AFR,ZAF
AFR,ZAF
AFR,ZAF
AFR,ZAF
AFR,AFR
AFR,AFR
AUS,CAN
AUS,CAN
BEL,USA
BEL,USA
BEL,USA
CAN,AUS
CAN,USA
CHN,TWN
CHN,TWN
CUB,CUB
DEU,USA
DNK,LTU
ESP,USA
ESP,ESP
EUR,EUR
FRA,IRN
FRA,IRN
FRA,FRA
GHA,GHA
EUR,EUR
IND,PAK
IND,IND
IRL,GBR
IRL,GBR
IRL,USA
IRL,USA
ISR,ISR
ISR,PSE
ISR,PSE
ISR,USA
ISR,ISR
ISR,ISR
ITA,VAT
JPN,PHL
JPN,THA
LTU,DNK
MCO,USA
MCO,USA
MEX,USA
MEX,USA
MEX,USA
USA,USA
NIC,CHN
PAK,IND
PAK,PAK
PAK,PAK
PSE,ISR
PSE,ISR
PSE,ISR
PSE,ISR
PSE,ISR
RUS,OMN
RUS,UKR
SAU,MYS
SGP,USA
SGP,USA
SGP,USA
SGP,USA
SYR,OMN
SYR,OMN
TWN,CHN
USA,AFG
USA,BEL
USA,BEL
USA,BEL
USA,CAN
USA,CAN
USA,EUR
USA,EUR
USA,EUR
USA,EUR
USA,IRL
USA,IRL
USA,IRL
USA,IRL
USA,MCO
USA,MEX
USA,USA
USA,USA
USA,USA
USA,USA
USA,USA
USA,USA
USA,USA
USA,USA
USA,USA
USA,USA
USA,USA
USA,USA
USA,USA
USA,USA
USA,USA
USA,SGP
USA,SGP
USA,IRL
USA,IRL
USA,USA
USA,USA
USA,USA
USA,USA
USA,USA
ZAF,AFR
ZAF,ZAF
ZAF,AFR
AFR,IND
AFR,IND
ARE,ARE
ARE,ARE
ARE,EGY
ARE,EGY
AUS,SEA
AUS,SEA
AUS,SEA
CAN,CAN
CAN,HTI
CAN,HTI
CAN,HTI
CAN,HTI
CAN,HTI
CAN,HTI
CAN,HTI
CAN,HTI
CAN,HTI
CAN,HTI
CAN,HTI
CAN,HTI
CAN,USA
CAN,CAN
CAN,HTI
CHN,SEA
CHN,SEA
CHN,SEA
CHN,TWN
CHN,TWN
CHN,TWN
CHN,TWN
CHN,TWN
CHN,USA
CHN,USA
CHN,LAO
DEU,FRA
DEU,FRA
DEU,FRA
DEU,FRA
DEU,FRA
DEU,FRA
DEU,EUR
DEU,EUR
DEU,EUR
EGY,ARE
EGY,ARE
FRA,DEU
FRA,DEU
FRA,DEU
FRA,EUR
FRA,EUR
FRA,EUR
FRA,EUR
FRA,EUR
GBR,EUR
GBR,GBR
GBR,GBR
GBR,GBR
HTI,CAN
HTI,CAN
HTI,CAN
HTI,CAN
HTI,CAN
HTI,CAN
IDN,IDN
EUR,DEU
EUR,FRA
EUR,FRA
EUR,FRA
SEA,AUS
SEA,AUS
SEA,AUS
SEA,CHN
SEA,CHN
SEA,CHN
IND,IND
IND,IND
IND,IND
IRN,IRQ
IRN,IRQ
IRQ,IRN
IRQ,IRN
IRQ,IRN
IRQ,IRN
IRQ,IRQ
IRQ,USA
IRQ,USA
IRQ,IRQ
ITA,RUS
KOR,CHN
KOR,CHN
LKA,USA
LKA,USA
USA,CAN
USA,CAN
USA,USA
USA,USA
NMR,USA
PAK,PAK
RUS,ITA
SAU,ARE
SAU,ARE
SGP,AUS
SGP,AUS
SGP,CAN
SGP,CAN
SGP,FRA
SGP,FRA
SGP,NLD
SGP,NLD
SGP,NPL
SGP,NPL
SGP,PHL
SGP,USA
SGP,USA
SLV,ISR
SLV,ISR
TWN,CHN
TWN,CHN
TWN,TWN
TWN,TWN
TWN,TWN
TWN,TWN
USA,AFG
USA,AFG
USA,AFG
USA,IRN
USA,IRQ
USA,IRQ
USA,UKR
USA,USA
USA,USA
USA,USA
USA,USA
USA,USA
USA,LKA
USA,LKA
ZAF,IND
ZAF,IND
ZAF,URY
ZAF,ZAF
USA,IRN
USA,IRQ
USA,IRQ
USA,IRQ
USA,IRQ
AFG,AFG
AFR,IRL
AFR,IRL
AFR,IRL
AFR,IRL
AFR,ZAF
AFR,ZAF
ARE,MDV
AUT,GRC
AUT,GRC
BEL,PAK
CHN,GNQ
CHN,GNQ
CHN,GNQ
CHN,GNQ
CHN,GNQ
DEU,DEU
EGY,USA
EGY,USA
EGY,USA
ESP,GBR
ESP,GBR
ESP,GBR
ESP,GBR
ESP,GBR
ESP,GBR
ESP,GBR
GBR,ARE
GBR,ARE
GBR,ARE
GBR,ESP
GBR,ESP
GBR,GBR
GBR,GBR
GBR,GBR
GBR,GBR
GBR,NOR
GBR,ESP
GBR,ESP
GBR,ESP
GBR,ESP
GBR,ESP
GBR,GBR
GBR,GBR
GBR,ITA
GBR,NOR
GNQ,CHN
GNQ,CHN
GNQ,CHN
GRC,AUT
GRC,AUT
GRC,USA
IND,IND
IND,IND
IRL,AFR
IRL,AFR
IRL,AFR
IRL,IRL
IRN,IRQ
IRN,IRQ
IRN,IRQ
IRN,IRQ
IRN,IRQ
IRN,IRQ
IRQ,IRN
IRQ,IRN
ITA,GBR
ITA,VAT
ITA,VAT
ITA,ITA
ITA,ITA
NGA,KOR
NGA,KOR
NGA,NGA
NGA,NGA
USA,USA
NLD,USA
NLD,USA
RUS,RUS
RUS,RUS
RUS,RUS
USA,EGY
USA,EGY
USA,EGY
USA,EGY
USA,GBR
USA,IRN
USA,IRN
USA,USA
USA,USA
USA,USA
USA,USA
USA,USA
USA,USA
USA,USA
USA,USA
USA,USA
USA,USA
USA,USA
VAT,ITA
ZAF,AFR
GBR,USA
USA,GBR
AFR,ZAF
CAN,CAN
CAN,USA
CAN,USA
CHN,CHN
CHN,CHN
FRA,GBR
GBR,USA
GHA,GHA
GHA,GHA
GHA,GHA
WST,ITA
WST,ITA
IND,GBR
IND,GBR
IND,IND
IND,IND
IND,IND
IRL,USA
IRL,IRL
IRL,IRL
IRN,ISR
IRN,ISR
ISR,PSE
ISR,PSE
ISR,ISR
ISR,PSE
ISR,PSE
ITA,WST
ITA,WST
KOR,KOR
LBY,LBY
LBY,LBY
MCO,USA
USA,USA
NGA,NGA
NIC,USA
PHL,KHM
PHL,KHM
PHL,PHL
PHL,PHL
PSE,ISR
PSE,ISR
PSE,ISR
PSE,ISR
PSE,ISR
PSE,ISR
PSE,ISR
PSE,PSE
TUR,UKR
UKR,TUR
USA,GBR
USA,GBR
USA,GBR
USA,USA
USA,USA
USA,USA
USA,USA
USA,USA
USA,USA
USA,USA
USA,GBR
USA,GBR
USA,GBR
USA,USA
USA,USA
USA,USA
ZAF,ZAF
ZAF,AFR
USA,USA
ITA,ITA
AZE,AZE
AZE,AZE
AFR,USA
AFR,USA
AFR,USA
EUR,AFR
FRA,USA
FRA,USA
FRA,USA
FRA,USA
FRA,USA
FRA,USA
FRA,USA
FRA,USA
IRQ,IRN
IRQ,IRN
ITA,VAT
ITA,VAT
KAZ,CHN
KEN,RWA
KEN,RWA
KEN,RWA
KEN,RWA
KEN,RWA
KEN,RWA
KEN,TZA
KEN,TZA
KEN,TZA
KEN,TZA
KEN,TZA
KEN,TZA
KEN,UGA
KEN,UGA
KEN,UGA
KEN,UGA
KEN,UGA
KEN,UGA
KEN,UGA
KEN,UGA
KEN,UGA
USA,DEU
NGA,NGA
PER,PER
PER,PER
PER,PER
PER,PER
RUS,AZE
RUS,SYR
RUS,SYR
RUS,SYR
RUS,SYR
RUS,SYR
RUS,SYR
RWA,KEN
RWA,KEN
RWA,KEN
RWA,KEN
RWA,KEN
RWA,KEN
RWA,TZA
RWA,TZA
RWA,TZA
RWA,TZA
RWA,UGA
RWA,UGA
RWA,UGA
RWA,UGA
RWA,UGA
RWA,UGA
RWA,UGA
RWA,UGA
RWA,UGA
TON,SEA
TZA,KEN
TZA,KEN
TZA,KEN
TZA,KEN
TZA,KEN
TZA,KEN
TZA,RWA
TZA,RWA
TZA,RWA
TZA,RWA
TZA,UGA
TZA,UGA
TZA,UGA
TZA,UGA
TZA,UGA
TZA,UGA
TZA,UGA
TZA,UGA
TZA,UGA
UGA,KEN
UGA,KEN
UGA,KEN
UGA,KEN
UGA,KEN
UGA,KEN
UGA,RWA
UGA,RWA
UGA,RWA
UGA,RWA
UGA,RWA
UGA,RWA
UGA,TZA
UGA,TZA
UGA,TZA
UGA,TZA
UGA,TZA
UGA,TZA
USA,AUS
USA,AUS
USA,FRA
USA,FRA
USA,FRA
USA,FRA
USA,USA
USA,USA
USA,RUS
USA,RUS
CHN,IND
CHN,IND
IND,CHN
IND,CHN
BEL,WST
BEL,BEL
CHN,CHN
CHN,CHN
CHN,CHN
CHN,CHN
CHN,PAK
CHN,PAK
CHN,PAK
CHN,PAK
CHN,PAK
CHN,VNM
CHN,CHN
DEU,DEU
DEU,DEU
DEU,USA
DEU,DEU
DEU,DEU
DEU,DEU
DEU,DEU
DEU,DEU
DEU,DEU
DEU,DEU
ESP,ETH
EUR,USA
FRA,FRA
GBR,IRL
GBR,GBR
GBR,GBR
WST,BEL
JOR,USA
JPN,JPN
KEN,KEN
KEN,KEN
KOR,KOR
KOR,KOR
USA,DEU
USA,USA
NGA,GHA
NGA,GHA
NGA,USA
NGA,USA
NGA,NGA
NGA,NGA
PAK,CHN
PAK,CHN
PAK,CHN
PAK,CHN
PAK,CHN
PAK,CHN
PAK,CHN
PAK,CHN
PAK,CHN
PAK,CHN
PAK,CHN
PAK,CHN
PAK,CHN
PAK,PAK
RUS,VAT
RUS,FRA
RUS,FRA
RUS,ITA
RUS,ITA
UGA,UGA
UGA,UGA
UGA,UGA
USA,BEL
USA,USA
USA,USA
USA,USA
USA,VCT
USA,USA
USA,USA
USA,USA
USA,USA
USA,USA
USA,USA
VNM,CHN
VNM,CHN
ARE,MDV
ARE,MDV
CAN,CAN
CAN,CAN
CHN,CHN
CHN,IRN
CHN,IRN
CHN,IRN
CHN,USA
CHN,USA
CHN,CHN
DEU,ITA
EGY,GRC
EGY,GRC
EGY,GRC
EGY,GRC
EGY,IRL
EGY,IRL
EUR,BGR
FRA,FRA
FRA,FRA
FRA,FRA
FRA,ITA
FRA,ITA
FRA,ITA
GBR,AUS
GBR,GBR
GBR,GBR
GBR,HRV
GBR,HRV
GRC,EGY
GRC,EGY
GRC,EGY
GRC,EGY
GRC,GRC
GRC,GRC
IRL,EGY
IRN,ISR
IRN,ISR
IRQ,IRN
IRQ,IRN
IRQ,IRN
IRQ,IRQ
IRQ,IRQ
IRQ,USA
IRQ,USA
IRQ,IRQ
IRQ,IRQ
IRQ,IRQ
IRQ,IRQ
IRQ,IRQ
IRQ,IRQ
ISR,IRN
ISR,IRN
ISR,IRN
ISR,ISR
ISR,USA
JOR,USA
MDV,ARE
MDV,ARE
USA,USA
NGA,NGA
NGA,NGA
NGA,NGA
NGA,NGA
NZL,BEL
RUS,IRN
RUS,IRN
USA,CHN
USA,CHN
USA,HRV
USA,HRV
USA,HRV
USA,JOR
USA,USA
USA,USA
USA,USA
USA,USA
USA,USA
USA,USA
USA,USA
USA,USA
USA,USA
USA,USA
USA,ITA
USA,HRV
USA,HRV
USA,USA
YEM,CHN
YEM,CHN
YEM,SAU
USA,USA
USA,USA
USA,USA
USA,USA
USA,USA
USA,USA
AFG,AFG
AFG,RUS
AFG,PAK
AFG,PAK
AFG,PAK
AFG,PAK
ARE,ESP
ARE,ESP
ARE,ESP
ARE,ESP
ARE,PER
AUS,AUS
AUS,AUS
BEL,IRL
CHE,RUS
CHN,CAN
CHN,CAN
CHN,USA
MAR,LBN
DEU,DEU
FRA,FRA
FRA,USA
FRA,USA
FRA,USA
FRA,USA
FRA,FRA
FRA,USA
GBR,EUR
GBR,IRL
GBR,IRL
GBR,PAK
GBR,PAK
GHA,GHA
HND,HND
HND,HND
HND,HND
HND,HND
HND,HND
WST,RUS
WST,RUS
IRL,BEL
IRL,GBR
IRN,RUS
IRN,RUS
IRN,RUS
IRN,RUS
IRN,RUS
IRN,RUS
ISR,GHA
ITA,RUS
ITA,SRB
JPN,VNM
JPN,VNM
JPN,VNM
JPN,VNM
MYS,GBR
MYS,USA
MYS,USA
NGA,GHA
NGA,NGA
NGA,NGA
NGA,NGA
NGA,NGA
PAK,AFG
PAK,AFG
PAK,AFG
PAK,AFG
PAK,AFG
PAK,CHN
PAK,GBR
PAK,GBR
PAK,GBR
PAK,PAK
PAK,PAK
RUS,AFG
RUS,AFG
RUS,CHE
RUS,IRN
RUS,IRN
RUS,IRN
RUS,IRN
RUS,IRN
RUS,IRN
RUS,ITA
RUS,SRB
SRB,ITA
SRB,RUS
SLE,GHA
SLE,GHA
UKR,RUS
UKR,RUS
UKR,UKR
UKR,UKR
USA,CHN
USA,CHN
USA,CHN
USA,CHN
USA,FRA
USA,FRA
USA,RUS
USA,USA
USA,USA
USA,USA
USA,USA
USA,RUS
USA,RUS
VNM,USA
AFG,AFG
AFR,ZAF
ARE,BHR
ARE,QAT
ARE,QAT
ARE,QAT
ARE,SAU
AUS,AUS
AUS,AUS
AUS,BFA
AUS,BFA
AUS,AUS
AUS,AUS
CHN,RUS
DEU,POL
DEU,USA
DEU,POL
DEU,DEU
DEU,DEU
EGY,ISR
ETH,USA
ETH,USA
EUR,ARE
EUR,GBR
EUR,GBR
FRA,FRA
FRA,FRA
GBR,GBR
GBR,GBR
GBR,GBR
GBR,GBR
IDN,USA
IDN,USA
IRN,IRN
IRN,IRQ
IRN,IRQ
IRN,IRQ
IRN,IRQ
IRN,IRQ
IRN,IRQ
IRN,IRQ
IRN,USA
IRN,IRQ
IRN,IRQ
IRN,IRQ
IRN,IRQ
IRQ,IRN
IRQ,IRN
IRQ,USA
IRQ,USA
IRQ,IRN
IRQ,IRQ
IRQ,IRQ
ISR,CHN
ISR,CHN
ISR,CHN
ISR,CHN
ISR,IRN
ISR,IRN
ISR,IRN
ISR,ISR
ISR,PSE
ISR,PSE
ISR,ISR
ISR,PSE
ISR,PSE
ISR,ISR
JAM,RUS
KOR,USA
KOR,USA
NGA,NGA
NGA,NGA
NZL,NZL
PHL,VNM
POL,DEU
POL,DEU
POL,EUR
PSE,ISR
PSE,ISR
PSE,ISR
QAT,ARE
QAT,ARE
RUS,CHN
RUS,CHN
RUS,CHN
RUS,CHN
RUS,CHN
RUS,CHN
RUS,CHN
RUS,IRQ
RUS,JAM
SAU,ARE
TWN,CHN
TWN,CHN
TWN,CHN
TWN,CHN
UKR,EUR
UKR,EUR
USA,AUS
USA,FRA
USA,IRN
USA,IRN
USA,IRQ
USA,IRQ
USA,IRQ
USA,USA
USA,USA
USA,USA
USA,IRN
USA,IRN
USA,IRQ
USA,IRQ
USA,USA
USA,HUN
VNM,USA
VNM,USA
VNM,PHL
VNM,VNM
VNM,VNM
ZAF,ZAF
ZAF,ZAF
AFG,AFG
AFG,AFG
AFR,ZAF
AFR,ZAF
BEN,NGA
CAN,USA
CAN,USA
CHN,CHN
EUR,GBR
EUR,GBR
EUR,USA
FIN,EUR
FIN,EUR
FRA,RUS
FRA,RUS
FRA,RUS
FRA,USA
FRA,USA
FRA,USA
GBR,EUR
GBR,USA
GBR,USA
GBR,USA
GBR,USA
GBR,USA
GIN,MWI
GIN,MWI
GIN,MWI
GRC,IND
IRL,IRL
IRL,IRL
ISR,IRN
ISR,IRN
ISR,IRN
ISR,USA
ITA,POL
ITA,POL
MAC,MAC
MEX,LBN
MEX,LBN
MWI,MWI
MWI,MWI
NGA,BEN
NGA,BEN
NGA,NGA
NGA,BEN
POL,KAZ
POL,KAZ
POL,KAZ
POL,KAZ
POL,RUS
POL,RUS
POL,RUS
POL,RUS
POL,RUS
POL,RUS
POL,KAZ
POL,KAZ
PSE,ISR
PSE,ISR
RUS,GRC
RUS,GRC
RUS,POL
RUS,POL
RUS,POL
RUS,POL
RUS,RUS
RUS,RUS
RUS,RUS
SWE,CHN
SYR,NZL
SYR,NZL
USA,GBR
USA,GBR
USA,GBR
USA,GUY
USA,IRN
USA,IRN
USA,ISR
USA,ISR
USA,RUS
USA,RUS
USA,USA
USA,USA
USA,USA
USA,USA
USA,USA
USA,RUS
USA,RUS
ZAF,AFR
ZAF,ZAF
ZAF,AFR
ARE,ARE
AUS,CHN
AUS,USA
BGD,BGD
BHR,BHR
CAN,CAN
CAN,USA
CAN,USA
CAN,USA
CAN,CAN
CHN,VNM
DEU,DEU
DEU,DEU
EGY,MDV
EGY,SOM
EUR,ARE
GBR,GBR
GBR,GBR
GIN,GNB
GIN,GNB
IND,MMR
IRL,IRL
IRN,IRQ
IRQ,IRN
IRQ,IRQ
IRQ,IRQ
IRQ,IRQ
ISR,PSE
ITA,WST
ITA,WST
JOR,ISR
KWT,KWT
KWT,SAU
MYS,CHN
NLD,USA
NLD,USA
NLD,USA
PRK,USA
RUS,RUS
RUS,UKR
RUS,RUS
RUS,RUS
RUS,RUS
RUS,RUS
RUS,RUS
UKR,WST
UKR,WST
UKR,RUS
UKR,RUS
UKR,RUS
UKR,RUS
UKR,RUS
USA,CAN
USA,CAN
USA,CAN
USA,CAN
USA,ITA
USA,ITA
USA,ITA
USA,JPN
USA,JPN
USA,MDV
USA,NLD
USA,USA
USA,USA
USA,USA
USA,USA
USA,PRK
ZAF,AFR
UKR,USA
USA,UKR
CHE,GRD
CHE,GRD
GRD,CHE
GRD,CHE
PHL,PHL
PHL,PHL
AFR,USA
AFR,USA
AFR,ZAF
AUT,RUS
AUT,RUS
BLR,CHN
BLR,POL
CAN,CAN
CAN,CAN
CHE,RUS
CHE,RUS
GBR,GBR
GBR,GBR
GBR,GBR
EUR,USA
EUR,USA
IND,EUR
IND,IND
IND,IND
IRL,IRL
JPN,MNG
JPN,MNG
JPN,MNG
JPN,MNG
JPN,PRK
JPN,PRK
JPN,PRK
JPN,PRK
JPN,PRK
JPN,USA
JPN,PRK
JPN,PRK
JPN,PRK
MEX,USA
MEX,USA
MNG,JPN
MNG,JPN
NGA,NGA
PHL,PHL
PRK,JPN
PRK,JPN
PRK,JPN
PRK,JPN
PRK,JPN
PRK,JPN
PRK,JPN
PRK,JPN
RUS,AUT
RUS,AUT
RUS,CHE
RUS,CHE
RUS,UKR
RUS,UKR
RUS,USA
RUS,USA
RUS,RUS
RUS,RUS
THA,MMR
TWN,CHN
TWN,CHN
USA,AFR
USA,AFR
USA,AFR
USA,AFR
USA,ESP
USA,EUR
USA,MEX
USA,MEX
USA,RUS
USA,RUS
USA,USA
USA,USA
USA,USA
USA,USA
USA,USA
USA,USA
USA,USA
USA,USA
USA,USA
USA,USA
USA,ZAF
USA,ZAF
USA,USA
USA,USA
USA,USA
USA,USA
USA,USA
USA,USA
USA,USA
USA,USA
USA,USA
USA,USA
USA,EUR
USA,USA
USA,USA
USA,JPN
VNM,SEA
USA,BGD
AFR,ZAF
AFR,ZAF
ARG,CHN
ARG,TWN
ARG,TWN
BGD,USA
BGD,BGD
CHE,USA
CHN,CUB
CHN,CUB
CHN,CUB
CHN,TWN
CHN,TWN
CUB,CHN
CUB,CHN
CUB,CHN
CUB,GRC
CUB,GRC
CUB,GRC
ESP,FRA
ESP,FRA
EUR,USA
FIN,EUR
FRA,FRA
FRA,FRA
FRA,FRA
GBR,GBR
GRC,CUB
GRC,CUB
GRC,CUB
IDN,USA
ISR,PSE
ISR,ISR
ITA,USA
ITA,USA
LBN,KWT
LBN,KWT
LBN,KWT
LBN,KWT
LBN,KWT
LBN,YEM
NIC,CRI
NIC,CRI
NIC,PAN
NIC,PAN
NIC,TWN
PAK,TUN
PAN,NIC
PAN,NIC
PSE,ISR
PSE,ISR
RUS,UKR
TUN,PAK
TUN,PAK
TWN,CHN
TWN,CHN
TWN,CHN
TWN,CHN
USA,EUR
USA,HTI
USA,HTI
USA,ITA
USA,ITA
USA,ITA
USA,ITA
USA,PHL
USA,PHL
USA,USA
USA,USA
USA,USA
USA,USA
USA,USA
USA,USA
USA,USA
USA,USA
USA,USA
USA,USA
USA,USA
USA,USA
USA,USA
USA,USA
USA,USA
USA,USA
USA,USA
USA,USA
USA,USA
USA,USA
ZAF,ZAF
ZAF,AFR
ZMB,RUS
AFG,AFG
AFG,IRN
AFG,IRN
AFG,IRN
TWN,TWN
AFR,ZAF
CHN,TWN
CHN,TWN
CHN,TWN
CHN,TWN
LSO,ZAF
TWN,CHN
TWN,CHN
ZAF,ZAF
ZAF,ZAF
ZAF,ZAF
AFG,QAT
AFG,USA
AFG,RUS
AFR,ZAF
BGD,QAT
BGD,QAT
CHN,TWN
CHN,TWN
CHN,TWN
CHN,TWN
EGY,IRN
EGY,IRN
EUR,USA
FRA,VAT
FRA,VAT
GBR,GBR
GBR,GBR
GBR,PRT
GBR,PRT
GBR,GBR
GBR,EUR
EUR,GBR
IND,IND
IND,IND
IND,IND
IND,IND
IND,IND
LSO,ZAF
LTU,CHN
LTU,CHN
MEX,USA
MEX,USA
MMR,QAT
MMR,MMR
NGA,NGA
PAK,PAK
PAK,PAK
PAK,PAK
QAT,AFG
QAT,AFG
QAT,AFG
QAT,BGD
QAT,BGD
RUS,AFG
SAU,SAS
TUR,RUS
TUR,RUS
TUR,RUS
TUR,RUS
TUR,TUR
TUR,UKR
TWN,CHN
TWN,CHN
TWN,CHN
TWN,JPN
TWN,TWN
USA,AFG
USA,ITA
USA,ITA
USA,USA
USA,USA
USA,USA
USA,VAT
USA,USA
USA,USA
USA,USA
USA,USA
USA,USA
USA,USA
USA,USA
USA,USA
USA,USA
USA,USA
USA,USA
USA,USA
VAT,FRA
VAT,FRA
ZAF,AFR
ZAF,ZAF
ZAF,ZAF
ZAF,ZAF
AFG,AFG
AFG,GBR
AFG,GBR
AFG,USA
AFG,USA
AFG,USA
AFG,USA
AFG,USA
AFG,USA
AFG,TUR
ALB,ALB
ALB,ALB
ARE,TZA
ARE,TZA
BTN,CHN
BTN,CHN
CHN,LAO
CHN,LAO
CHN,LAO
CHN,CHN
CHN,CHN
CHN,CHN
CHN,CHN
CHN,CHN
CHN,CHN
CHN,IND
CHN,IND
DEU,AFG
DEU,AFG
DEU,AFG
DEU,AFG
DEU,DEU
DEU,NLD
DEU,USA
DEU,USA
DEU,USA
DEU,USA
DEU,UZB
DEU,UZB
DEU,DEU
DEU,DEU
DEU,USA
DEU,USA
DEU,USA
DEU,USA
FRA,AFG
FRA,AFG
GBR,AFG
GBR,AFG
GBR,IRN
GBR,IRN
GBR,IRN
GBR,IRN
GBR,IRN
GBR,IRN
GBR,IRN
GBR,ISR
GBR,ISR
GBR,ISR
GBR,OMN
GBR,OMN
GBR,USA
GBR,USA
GBR,VNM
GBR,VNM
GBR,VNM
GBR,VNM
GBR,VNM
GBR,GBR
GBR,GBR
GBR,GBR
GBR,GBR
GBR,GBR
GBR,GBR
GBR,GBR
IND,CHN
IND,CHN
IND,IND
IND,IND
IND,IND
IND,USA
IND,IND
IRN,IRQ
IRN,ISR
IRN,ISR
IRQ,USA
ISR,GBR
ISR,GBR
ISR,GBR
ISR,GBR
ISR,GBR
ISR,IRN
ISR,IRN
ISR,IRN
ISR,USA
ISR,USA
ISR,USA
ISR,IRN
ISR,IRN
LAO,CHN
LAO,CHN
MEX,USA
MEX,USA
MEX,USA
MEX,USA
NGA,NGA
NGA,NGA
NGA,NGA
USA,IND
NZL,NZL
NZL,NZL
OMN,GBR
OMN,GBR
OMN,GBR
OMN,OMN
OMN,OMN
PER,USA
RUS,USA
RUS,USA
SYR,SYR
THA,IND
TUR,IRQ
TUR,SYR
TUR,SYR
TUR,SYR
TUR,SYR
TUR,SYR
TUR,USA
TZA,ARE
TZA,ARE
USA,AFG
USA,AFG
USA,AFG
USA,AFG
USA,AFG
USA,DEU
USA,DEU
USA,DEU
USA,DEU
USA,GBR
USA,GBR
USA,IRN
USA,IRN
USA,IRN
USA,IRN
USA,IRN
USA,IRN
USA,IRQ
USA,IRQ
USA,ISR
USA,ISR
USA,ISR
USA,MEX
USA,MEX
USA,MEX
USA,SYR
USA,SYR
USA,SYR
USA,SYR
USA,USA
USA,USA
USA,USA
USA,USA
USA,USA
USA,USA
USA,MEX
USA,AFG
USA,AFG
USA,AFG
USA,USA
USA,AFG
USA,USA
USA,USA
USA,USA
USA,USA
USA,SYR
VNM,GBR
CHN,CHN
AUT,RUS
AUT,RUS
AUT,RUS
BRN,KHM
BRN,LAO
BRN,LAO
BRN,SGP
BRN,SGP
BRN,THA
BRN,THA
BRN,VNM
BRN,VNM
CHE,RUS
CHE,USA
CHE,USA
CHN,TWN
CHN,TWN
DEU,ISR
DEU,ISR
DEU,DEU
EUR,CHE
EUR,CHE
EUR,CHE
FIN,USA
FIN,USA
FRA,IRN
FRA,IRN
GBR,GBR
WST,USA
IRL,FRA
IRL,FRA
IRN,PGS
KHM,BRN
KHM,BRN
KHM,LAO
KHM,LAO
KHM,SGP
KHM,SGP
KHM,THA
KHM,THA
KHM,VNM
KHM,VNM
LAO,BRN
LAO,BRN
LAO,KHM
LAO,KHM
LAO,SGP
LAO,SGP
LAO,THA
LAO,THA
LAO,VNM
LAO,VNM
MDV,NGA
NGA,NGA
NGA,NGA
NGA,NGA
NGA,NGA
NGA,NGA
NGA,NGA
NOR,AFG
NOR,AFG
NOR,AFG
NOR,AFG
NOR,AFG
NOR,AFG
NOR,AFG
NOR,AFG
NOR,AFG
NOR,AFG
NOR,AFG
NOR,AFG
OMN,OMN
OMN,OMN
RUS,AFG
RUS,AUT
RUS,AUT
RUS,AUT
RUS,CHE
RUS,CHE
RUS,UKR
RUS,UKR
RUS,UKR
RUS,UKR
RUS,UKR
RUS,AFG
SAU,SAS
SGP,BRN
SGP,BRN
SGP,KHM
SGP,KHM
SGP,LAO
SGP,LAO
SGP,THA
SGP,THA
SGP,VNM
SGP,VNM
THA,BRN
THA,BRN
THA,KHM
THA,KHM
THA,LAO
THA,LAO
THA,SGP
THA,SGP
THA,VNM
THA,VNM
UKR,UKR
UKR,UKR
USA,DEU
USA,DEU
USA,FRA
USA,FRA
USA,HTI
USA,HTI
USA,HTI
USA,UKR
USA,USA
USA,USA
USA,WST
USA,UKR
USA,UKR
USA,UKR
USA,UKR
USA,UKR
USA,USA
USA,USA
USA,USA
USA,USA
VNM,BRN
VNM,BRN
VNM,KHM
VNM,KHM
VNM,LAO
VNM,LAO
VNM,SGP
VNM,SGP
VNM,THA
VNM,THA
AUS,BEL
GBR,POL
MOZ,MOZ
MOZ,MOZ
JOR,USA
JOR,USA
USA,JOR
AUS,SDN
AUS,SDN
AUS,AUS
AUS,AUS
AUS,AUS
AUT,DEU
AUT,DEU
CHN,EUR
CHN,RUS
CHN,TWN
DEU,AUT
DEU,AUT
DEU,AUT
DEU,AUT
DEU,AUT
DEU,AUT
DEU,FRA
EST,GBR
EST,GBR
EST,GBR
FRA,CZE
FRA,CZE
FRA,DEU
FRA,DEU
FRA,DEU
GBR,EST
GBR,EST
GBR,FRA
GBR,GBR
GBR,MCO
GBR,MCO
GBR,RUS
GBR,USA
GBR,USA
GBR,GBR
GBR,EST
WST,UKR
WST,UKR
WST,UKR
IRL,IRL
IRL,IRL
IRL,IRL
IRL,IRL
IRL,IRL
IRL,IRL
IRN,PAK
IRQ,IRN
IRQ,IRN
ISR,AFR
ISR,AFR
ISR,IRN
ISR,IRN
ISR,ISR
ISR,ISR
ISR,ISR
ISR,ISR
ISR,PSE
ISR,ISR
ISR,ISR
JAM,JAM
JOR,USA
JPN,USA
MCO,GBR
NLD,NLD
NLD,NLD
PAK,IND
PSE,ISR
PSE,PSE
RUS,CHE
RUS,UKR
RUS,UKR
UKR,RUS
UKR,USA
UKR,USA
USA,DEU
USA,DEU
USA,GBR
USA,GBR
USA,IRQ
USA,IRQ
USA,ISL
USA,JOR
USA,JPN
USA,SYR
USA,USA
USA,USA
USA,USA
USA,USA
USA,USA
USA,USA
USA,USA
USA,USA
USA,USA
USA,UKR
USA,UKR
USA,USA
USA,USA
USA,USA
USA,JPN
USA,JPN
BGD,BGD
AFR,USA
AFR,USA
AUS,CHN
AUS,CHN
AUS,JPN
CHN,AFR
CHN,AUS
CHN,AUS
CHN,CHN
CHN,JPN
CHN,KOR
CHN,KOR
CHN,USA
CHN,KOR
DEU,BEL
DEU,DEU
DEU,DEU
DEU,ITA
DEU,ITA
DEU,ITA
DEU,NLD
DEU,NLD
DEU,DEU
EGY,PSE
FIN,USA
FIN,USA
FRA,ITA
FRA,NLD
FRA,NLD
FRA,NLD
GBR,GBR
GBR,IRL
GBR,USA
GBR,GBR
GBR,IRL
GBR,GBR
GRC,USA
GRC,USA
IRL,GBR
IRL,GBR
IRL,USA
IRL,USA
IRL,ZAF
IRL,ZAF
IRL,IRL
IRN,IRQ
IRQ,IRN
JPN,AUS
JPN,CHN
KOR,CHN
JPN,USA
NGA,USA
NGA,NGA
NGA,NGA
NGA,USA
NGA,NGA
NGA,NGA
NGA,NGA
NGA,USA
NGA,USA
NLD,DEU
NLD,DEU
NLD,FRA
NLD,FRA
PSE,ISR
PSE,EGY
PSE,EGY
RUS,RUS
RUS,RUS
RUS,RUS
RUS,RUS
USA,FRA
USA,GBR
USA,GBR
USA,GRC
USA,GRC
USA,GRC
USA,GRC
USA,IRL
USA,IRL
USA,JPN
USA,USA
USA,USA
USA,USA
USA,USA
USA,USA
USA,USA
USA,USA
USA,USA
USA,USA
USA,USA
USA,USA
USA,FRA
USA,USA
USA,USA
USA,USA
USA,USA
USA,USA
USA,USA
ZAF,ZAF
ZAF,ZAF
USA,USA
LBY,LBY
AFG,USA
AFG,USA
AFG,AFG
ARE,PAK
ARE,PAK
ARE,PAK
ARE,PAK
ARE,PAK
ARE,PAK
CAN,AUS
CAN,USA
CAN,USA
GBR,GBR
GBR,ITA
GBR,ITA
GBR,ITA
GBR,ITA
GRC,LBY
GRC,LBY
GRC,LBY
GRC,LBY
GRC,LBY
GRC,LBY
GRC,LBY
GRC,LBY
ISR,IRN
ISR,ISR
ISR,PSE
ISR,PSE
ISR,PSE
ISR,EGY
ISR,EGY
ITA,GBR
ITA,GBR
ITA,GBR
ITA,GBR
ITA,GBR
ITA,GBR
ITA,GBR
ITA,GBR
ITA,GBR
LBY,GRC
LBY,GRC
LBY,GRC
LBY,GRC
LBY,GRC
NGA,CMR
NGA,CMR
NGA,CMR
NGA,NGA
NGA,NGA
NGA,NGA
NGA,NGA
NLD,NLD
NLD,NLD
NOR,AUS
NOR,AUS
PAK,ARE
PAK,ARE
PAK,ARE
PAK,ARE
PSE,ISR
RUS,AFG
RUS,SYR
RUS,SYR
RUS,AFG
RUS,SYR
TWN,CHN
USA,CAN
USA,CAN
USA,MDV
USA,MEX
USA,MEX
USA,USA
USA,USA
USA,USA
USA,USA
USA,USA
USA,USA
USA,USA
USA,USA
USA,USA
USA,USA
USA,USA
USA,USA
USA,USA
AFG,GBR
AFG,GBR
AFG,IRQ
AFG,USA
AFR,NGA
AFR,ZAF
AFR,AFR
BRA,USA
BRB,AUS
BRB,BRB
BRB,BRB
CHN,EUR
DEU,DEU
EUR,CHN
FRA,EUR
FRA,EUR
GBR,EUR
GBR,GBR
GBR,GBR
GBR,USA
GRC,USA
GRC,USA
GRC,USA
GRC,USA
GRC,USA
IND,IND
IRQ,GBR
IRQ,GBR
NGA,NGA
NGA,NGA
NLD,NLD
NLD,NLD
NLD,NLD
NLD,NLD
NLD,NLD
PRT,PRT
RUS,EUR
RUS,EUR
RUS,EUR
RUS,UKR
RUS,UKR
RUS,UKR
RUS,RUS
USA,GBR
USA,GBR
USA,GRC
USA,GRC
USA,GRC
USA,GRC
USA,GRC
USA,IND
USA,USA
USA,USA
USA,USA
USA,USA
USA,USA
USA,USA
USA,USA
ZAF,AFR
CHN,EUR
CHN,EUR
EUR,USA
EUR,USA
JAM,HTI
JAM,HTI
JAM,HTI
JAM,HTI
JAM,HTI
USA,IRN
MMR,MMR
KOR,USA
KOR,USA
USA,KOR
USA,KOR
AFR,GBR
BGD,BGD
CAN,CAN
CAN,CAN
CAN,CAN
CHN,CHN
CHN,CHN
CHN,CHN
CHN,EUR
CHN,ITA
CHN,ITA
CHN,ITA
CHN,CHN
DEU,NLD
ECU,GBR
ETH,FRA
FIN,FIN
FRA,ETH
FRA,FRA
FRA,USA
FRA,FRA
GBR,AFR
GBR,DNK
GBR,DNK
GBR,DNK
GBR,DNK
GBR,USA
GBR,USA
GBR,USA
GBR,GBR
GHA,GHA
GRC,USA
GRC,USA
IRN,IRQ
IRQ,IRN
IRQ,IRN
IRQ,IRN
IRQ,IRQ
IRQ,IRQ
IRQ,IRQ
IRQ,IRQ
IRQ,IRQ
ISR,ISR
ITA,CHN
JAM,HTI
JAM,HTI
JAM,HTI
JAM,USA
JAM,USA
JAM,USA
JAM,USA
MMR,USA
MMR,MMR
MMR,MMR
MMR,MMR
USA,GBR
NGA,NER
NGA,NER
NGA,NGA
NGA,NGA
NLD,DEU
NLD,DEU
NLD,DEU
NLD,DEU
NLD,DEU
PAK,IND
PAK,IND
PAK,PAK
PSE,ISR
QAT,GBR
RUS,RUS
RUS,UKR
SAU,SAU
SAU,SAU
SAU,SAU
USA,DNK
USA,ECU
USA,FRA
USA,FRA
USA,GBR
USA,GBR
USA,GBR
USA,GBR
USA,GRC
USA,JAM
USA,JAM
USA,JAM
USA,JAM
USA,USA
USA,USA
USA,USA
USA,USA
USA,USA
USA,USA
USA,USA
USA,USA
USA,USA
USA,USA
USA,USA
USA,USA
USA,USA
ZAF,AFR
ZAF,AFR
USA,JPN
USA,KOR
AFR,USA
AFR,USA
AFR,USA
ATG,ATG
ATG,ATG
ATG,ATG
ATG,ATG
ATG,ATG
ATG,ATG
AUS,DEU
AUS,DEU
BHR,ISR
BHR,ISR
BHR,ISR
BHR,ISR
BHR,ISR
BHR,ISR
GBR,PAK
GBR,GBR
GBR,GBR
GBR,GBR
GHA,GHA
IND,AUS
IND,AUS
IND,USA
IND,IND
ISR,BHR
ISR,BHR
ISR,IRN
ISR,IRN
ITA,ITA
KEN,KEN
KEN,KEN
KWT,QAT
MLI,AFR
MLI,AFR
PAK,GBR
PSE,PSE
PSE,PSE
QAT,SEA
QAT,TUN
QAT,QAT
QAT,QAT
TWN,CHN
TWN,CHN
TWN,USA
TWN,USA
UKR,UKR
UKR,UKR
UKR,UKR
UKR,UKR
UKR,UKR
UKR,UKR
USA,IND
USA,IND
USA,USA
USA,USA
USA,USA
USA,USA
DEU,USA
JAM,HTI
JAM,HTI
JAM,HTI
USA,USA
USA,USA
USA,AUS
AFR,ZAF
AFR,ZAF
BEL,GBR
BRA,BRA
BRA,BRA
BRA,BRA
BRA,BRA
BRA,BRA
BRB,BRB
BRB,BRB
BRB,BRB
CAN,USA
CAN,AUS
CAN,AUS
DEU,DEU
EUR,TUR
EUR,TUR
GBR,BEL
GBR,BEL
GBR,AUS
GBR,AUS
GHA,USA
IDN,JPN
IDN,KOR
SEA,ARE
ISL,USA
ISL,USA
ISL,USA
ISL,USA
ITA,USA
ITA,USA
JPN,IDN
JPN,KOR
JPN,PLW
JPN,USA
KOR,JPN
NGA,ZAF
NGA,NGA
NGA,ZAF
PLW,JPN
PLW,JPN
PLW,KOR
QAT,USA
RUS,UKR
SAU,ARE
SAU,ARE
TUR,EUR
TUR,EUR
TUR,EUR
TWN,CHN
USA,AFR
USA,ISL
USA,ISL
USA,ISL
USA,ISL
USA,JAM
USA,JAM
USA,RUS
USA,USA
USA,USA
USA,USA
USA,USA
USA,USA
USA,USA
USA,USA
USA,USA
USA,USA
USA,USA
USA,USA
USA,USA
ZAF,AFR
ZAF,AFR
ZAF,PSE
JAM,HTI
GBR,GBR
CHN,CHN
CHN,CHN
BEN,NGA
BEN,NGA
CAN,MEX
CAN,MEX
CHN,USA
CHN,USA
CHN,USA
DEU,BEN
DEU,RUS
DEU,RUS
DEU,UKR
DEU,UKR
DEU,UKR
DEU,UKR
DEU,UKR
DEU,UKR
EGY,ISR
EGY,PSE
GBR,GBR
GBR,GBR
IND,POL
IND,USA
IND,USA
ISR,PSE
ISR,PSE
MEX,CAN
MLI,AFR
NLD,NLD
POL,IND
PSE,ISR
PSE,ISR
TWN,CHN
TWN,CHN
TWN,CHN
TWN,CHN
TWN,CHN
TWN,CHN
TWN,CHN
TWN,CHN
TWN,CHN
TWN,CHN
UKR,RUS
UKR,RUS
USA,BRA
USA,BRA
USA,CHN
USA,CHN
USA,IND
USA,IND
USA,QAT
USA,QAT
USA,USA
USA,USA
USA,USA
USA,USA
USA,USA
USA,USA
USA,USA
USA,USA
USA,USA
USA,USA
USA,USA
USA,CHN
USA,CHN
USA,USA
USA,USA
USA,USA
AFG,RUS
AFG,RUS
AFG,RUS
AFG,RUS
CAN,CAN
CAN,CAN
CAN,CAN
JAM,HTI
JAM,HTI
JAM,HTI
RUS,AFG
RUS,AFG
AFG,AFG
AFG,AFG
AFG,USA
AFG,USA
AFG,USA
AFG,UZB
AFG,UZB
AFG,AFG
AFG,AFG
AFR,RUS
AGO,CUB
AGO,CUB
ARE,ARE
ARE,ARE
ARM,ARM
CAN,HTI
CHN,JPN
CHN,RUS
CHN,RUS
CUB,AGO
CUB,AGO
CUB,RUS
CUB,RUS
CUB,RUS
DEU,USA
DEU,USA
DOM,USA
ESP,IRN
ESP,GBR
FRA,CHN
FRA,CHN
FRA,CHN
FRA,FRA
FRA,GBR
GBR,ESP
GBR,ESP
GBR,FRA
GBR,GBR
GBR,GBR
GBR,IRL
GBR,IRL
GBR,USA
GBR,USA
GBR,USA
GBR,USA
GBR,USA
GBR,GBR
GBR,GBR
IRL,GBR
IRL,GBR
IRL,GBR
IRL,GBR
IRL,IRL
IRL,IRL
IRL,IRL
IRL,ZAF
IRL,IRL
IRL,IRL
IRN,ESP
IRN,ESP
IRN,ESP
ISR,ISR
ISR,PSE
ISR,PSE
ISR,QAT
ISR,QAT
ITA,USA
JAM,HTI
JAM,HTI
JPN,USA
JPN,USA
KNA,KNA
NGA,NGA
NOR,GBR
NOR,GBR
OMN,OMN
PAK,PAK
PAK,PAK
PAK,SAU
PAK,SAU
PAK,PAK
PAK,PAK
PAK,SAU
PAK,PAK
PSE,ISR
PSE,ISR
PSE,ISR
PSE,ISR
PSE,ISR
PSE,QAT
QAT,ISR
QAT,PSE
QAT,PSE
RUS,CUB
RUS,CUB
RUS,CUB
RUS,HUN
RUS,HUN
RUS,HUN
SAU,PAK
SAU,PAK
SAU,SAU
SAU,PAK
SAU,PAK
SAU,PAK
SAU,PAK
SAU,SAU
TUN,TUN
TUN,TUN
TUN,TUN
USA,DEU
USA,DOM
USA,DOM
USA,FRA
USA,FRA
USA,ITA
USA,ITA
USA,ITA
USA,JPN
USA,JPN
USA,MDV
USA,MDV
USA,RUS
USA,RUS
USA,USA
USA,USA
USA,USA
USA,USA
USA,USA
USA,USA
USA,USA
UZB,AFG
UZB,AFG
UZB,AFG
ZAF,IRL
ZAF,IRL
ZAF,IRL
ZAF,RUS
ZAF,RUS
ZAF,RUS
DEU,ITA
GBR,CZE
GBR,CZE
GBR,CZE
GBR,CZE
ISR,PSE
ISR,PSE
PSE,ISR
PSE,ISR
PHL,PHL
AUT,AUT
BEL,CZE
BEL,CZE
BEL,CZE
BGD,QAT
CHN,CZE
CHN,DEU
CHN,DEU
CHN,DEU
CZE,CHN
CZE,TWN
CZE,TWN
DEU,CHN
DEU,CHN
DEU,ITA
DEU,CHN
DEU,DEU
DEU,DEU
FRA,USA
FRA,USA
GBR,CZE
GBR,CZE
GRC,EUR
GRC,USA
IND,IND
IRL,USA
IRL,USA
IRL,USA
IRN,SYR
IRN,SYR
IRN,USA
IRN,USA
IRQ,IRN
IRQ,IRN
IRQ,IRN
IRQ,IRN
ISR,ISR
ISR,ISR
JAM,HTI
USA,GBR
NGA,NGA
PAK,SYR
PAK,SYR
PAK,SAU
PAK,SAU
PAK,SAU
PSE,ISR
PSE,LBN
QAT,BGD
QAT,BGD
QAT,BGD
QAT,EGY
QAT,EGY
SAU,PAK
SAU,PAK
SAU,PAK
SYR,IRQ
SYR,IRQ
SYR,IRQ
USA,FRA
USA,FRA
USA,ISR
USA,ISR
USA,MEX
USA,RUS
USA,RUS
USA,TCD
USA,TCD
USA,TCD
USA,USA
USA,USA
USA,USA
USA,USA
USA,USA
USA,USA
USA,USA
USA,USA
USA,USA
USA,USA
USA,USA
YEM,YEM
YEM,YEM
AFG,RUS
AFR,AFR
AUS,GBR
CHN,EUR
CHN,RUS
CHN,RUS
CHN,CHN
DEU,DEU
DEU,EUR
DEU,EUR
DEU,RUS
DEU,UKR
DEU,EUR
DZA,DZA
EGY,ISR
EGY,ISR
EUR,EUR
EUR,EUR
GBR,RUS
GBR,RUS
GBR,GBR
GRC,USA
ISR,EGY
ISR,EGY
ISR,ISR
ISR,ISR
ISR,PSE
LKA,DJI
LKA,IND
LKA,IND
MAR,DZA
USA,IND
PHL,PHL
POL,EUR
PSE,ISR
PSE,ISR
RUS,RUS
SOM,SOM
SWE,FIN
SWE,FIN
UKR,UKR
UKR,UKR
UKR,UKR
UKR,UKR
USA,GRC
USA,JAM
USA,JAM
USA,JAM
USA,JAM
USA,JAM
USA,USA
USA,USA
USA,USA
ZAF,ZAF
ZAF,AFR
AFG,AFG
USA,POL
BEL,BEL
BEL,BEL
BEL,BEL
AFG,AFG
AFG,AFG
AFG,AFG
AFG,AFG
BWA,CHN
CHN,BWA
CHN,BWA
CHN,PRK
CHN,USA
DEU,DEU
DEU,DEU
DEU,DEU
DEU,DEU
EUR,CHE
GHA,NGA
IDN,IDN
IDN,IDN
ITA,ITA
ITA,ITA
ITA,ITA
ITA,ITA
JPN,KOR
JPN,KOR
KOR,JPN
KOR,JPN
KOR,USA
KOR,USA
NGA,GBR
NGA,GHA
NGA,NGA
NGA,NGA
NMR,USA
PRK,CHN
PRK,CHN
PRK,USA
PRK,USA
RUS,UKR
RUS,UKR
SYR,IRN
SYR,IRN
UKR,USA
USA,AFG
USA,AFG
USA,CHN
USA,ITA
USA,NMR
USA,PRK
USA,PRK
USA,USA
USA,USA
USA,USA
USA,USA
USA,USA
USA,USA
USA,USA
USA,USA
USA,USA
USA,USA
USA,USA
AFG,AFG
AGO,AFR
AUS,AUS
AUS,AUS
AUS,AUS
BRA,AFR
BRA,AGO
CAN,CAN
CAN,CAN
CHN,EUR
CHN,EUR
CRI,USA
CRI,USA
CRI,USA
CRI,USA
DNK,GBR
DNK,JAM
DZA,SAU
DZA,SAU
DZA,SAU
DZA,SAU
DZA,SAU
GBR,MWI
GBR,MWI
GBR,USA
GBR,GBR
EUR,CHN
EUR,CHN
EUR,PRT
IRL,USA
IRL,USA
IRL,USA
IRQ,USA
IRQ,USA
IRQ,USA
IRQ,USA
ISR,ISR
ISR,ISR
ISR,ISR
ISR,ISR
ISR,UKR
ISR,UKR
ISR,UKR
ISR,UKR
ITA,JOR
JAM,BHS
JAM,GBR
JAM,GBR
JOR,ITA
KEN,KEN
MWI,GBR
MWI,GBR
MWI,GBR
MWI,GBR
MWI,GBR
MWI,GBR
MWI,GBR
MWI,GBR
MWI,GBR
MWI,GBR
NZL,AUS
PRT,EUR
SAU,DZA
SAU,DZA
SAU,DZA
SAU,DZA
SAU,DZA
SAU,DZA
SAU,DZA
UKR,ISR
UKR,ISR
UKR,ISR
UKR,ISR
UKR,RUS
UKR,UKR
USA,AFG
USA,AFG
USA,AFG
USA,IRN
USA,USA
USA,USA
USA,USA
USA,USA
USA,USA
USA,USA
USA,USA
USA,USA
USA,USA
USA,USA
USA,USA
USA,USA
USA,USA
USA,USA
USA,USA
YEM,YEM
ZAF,AFR
JAM,HTI
JAM,HTI
MEX,USA
USA,CAN
USA,CAN
USA,USA
USA,USA
AFR,TUN
ARE,ARE
CHN,UKR
CHN,UKR
CHN,CHN
ESP,GBR
ESP,GBR
FRA,AUS
GBR,AFR
GBR,DEU
GBR,GBR
GBR,GBR
GBR,GBR
ISR,EGY
ISR,EGY
ISR,PSE
ISR,PSE
MEX,USA
NGA,NGA
NGA,NGA
NGA,NGA
NGA,NGA
NGA,NGA
NLD,NLD
NLD,NLD
PAK,JOR
PSE,EGY
PSE,EGY
TUN,TUN
TUN,TUN
TUN,TUN
TUR,IRQ
TUR,IRQ
TUR,TUR
TUR,TUR
TUR,TUR
USA,AZE
USA,ISR
USA,USA
USA,USA
USA,USA
USA,USA
USA,USA
USA,USA
USA,USA
USA,USA
USA,USA
USA,USA
USA,USA
USA,VEN
USA,USA
USA,USA
USA,USA
USA,USA
USA,USA
USA,USA
USA,USA
USA,USA
USA,USA
USA,USA
USA,USA
USA,USA
USA,USA
ZAF,AFR
ZAF,AFR
KEN,KEN
NIC,TWN
AFR,ZAF
ARE,ARE
BEL,USA
CAN,HTI
CAN,HTI
CAN,HTI
CAN,HTI
CAN,HTI
CAN,HTI
CAN,HTI
CAN,HTI
CAN,HTI
CHN,CHN
CHN,CHN
CHN,NIC
CHN,NIC
CHN,NIC
CHN,NIC
CHN,NIC
CHN,RUS
CHN,RUS
CHN,RUS
CHN,RUS
CHN,RUS
CHN,USA
CHN,CHN
CHN,CHN
CHN,DEU
CHN,DEU
CHN,DEU
CHN,DEU
CHN,FRA
CHN,FRA
CHN,FRA
CHN,FRA
CHN,RUS
CHN,RUS
CHN,RUS
CHN,TUR
CHN,TUR
CHN,TUR
DEU,NLD
ESP,ESP
FRA,EUR
GHA,GHA
GRC,JAM
GRC,USA
HTI,CAN
HTI,CAN
HTI,CAN
HTI,CAN
HTI,CAN
IND,PAK
IND,PAK
IRL,DEU
IRL,DEU
IRL,DEU
IRL,DEU
IRN,RUS
IRN,RUS
IRN,RUS
IRN,TUR
IRN,TUR
IRN,TUR
IRQ,JOR
IRQ,JOR
IRQ,JOR
IRQ,JOR
IRQ,OMN
IRQ,OMN
IRQ,OMN
IRQ,OMN
IRQ,OMN
IRQ,OMN
IRQ,PSE
IRQ,PSE
IRQ,PSE
IRQ,PSE
ITA,USA
JAM,GRC
JOR,IRQ
JOR,IRQ
JOR,IRQ
JOR,IRQ
JOR,OMN
JOR,OMN
JOR,OMN
JOR,OMN
JOR,OMN
JOR,OMN
JOR,PSE
JOR,PSE
JOR,PSE
JOR,PSE
KEN,KEN
KEN,KEN
MLI,AFR
NGA,NGA
NGA,NGA
NIC,CHN
NIC,CHN
NIC,CHN
NLD,DEU
NLD,DEU
OMN,IRQ
OMN,IRQ
OMN,IRQ
OMN,IRQ
OMN,IRQ
OMN,IRQ
OMN,JOR
OMN,JOR
OMN,JOR
OMN,JOR
OMN,JOR
OMN,JOR
OMN,PSE
OMN,PSE
OMN,PSE
OMN,PSE
OMN,PSE
OMN,PSE
PHL,BRN
PHL,BRN
PHL,PHL
PHL,BRN
PHL,PHL
PHL,PHL
PRK,USA
PRK,USA
PRK,USA
PSE,IRQ
PSE,IRQ
PSE,IRQ
PSE,IRQ
PSE,JOR
PSE,JOR
PSE,JOR
PSE,JOR
PSE,OMN
PSE,OMN
PSE,OMN
PSE,OMN
PSE,OMN
PSE,OMN
QAT,JOR
QAT,JOR
RUS,CHN
RUS,CHN
RUS,CHN
RUS,IRN
RUS,IRN
RUS,RUS
RUS,RUS
RUS,TUR
RUS,TUR
RUS,TUR
RUS,TUR
RUS,TUR
RUS,TUR
RUS,CHN
RUS,CHN
RUS,CHN
RUS,CHN
RUS,RUS
RUS,RUS
SDN,SDN
SDN,YEM
SDN,YEM
SDN,YEM
SDN,SDN
SGP,SGP
SYR,LBY
SYR,LBY
SYR,LBY
THA,THA
TUR,RUS
TUR,RUS
TUR,RUS
TWN,CHN
USA,BEL
USA,EUR
USA,GRC
USA,HTI
USA,ITA
USA,ITA
USA,USA
USA,USA
USA,USA
USA,USA
USA,USA
USA,CHN
USA,CHN
USA,EUR
USA,USA
USA,USA
YEM,LBY
YEM,LBY
YEM,LBY
YEM,SDN
YEM,SDN
YEM,SDN
YEM,YEM
YEM,YEM
AFG,NPL
AFG,NPL
AFG,USA
AFG,USA
AFG,USA
AFG,AFG
AFG,PAK
AFG,PAK
AFG,PAK
AFG,QAT
AFG,USA
AFG,USA
ARM,ARM
CAN,CAN
ESP,ESP
FRA,USA
GBR,IRL
GBR,IRL
GBR,IRL
GBR,IRL
GBR,IRL
GBR,PHL
GBR,PHL
GBR,PHL
GBR,GBR
GBR,GBR
GHA,GHA
GHA,GHA
GHA,GHA
IRL,GBR
IRL,GBR
IRL,GBR
IRL,GBR
IRL,GBR
IRL,USA
ISR,ISR
USA,RUS
NPL,AFG
NPL,AFG
PAK,AFG
PAK,AFG
PAK,AFG
PAK,QAT
PAK,QAT
PHL,GBR
PHL,GBR
QAT,AFG
QAT,PAK
QAT,PAK
USA,AFG
USA,AFG
USA,AFG
USA,CAN
USA,CAN
USA,GBR
USA,GBR
USA,GBR
USA,JPN
USA,USA
USA,USA
USA,USA
USA,USA
USA,USA
USA,USA
USA,USA
USA,PER
USA,USA
USA,USA
USA,USA
USA,USA
USA,FRA
USA,FRA
USA,USA
AUS,GHA
AUS,GHA
AUS,GHA
CAN,CAN
CAN,CAN
CAN,CAN
CAN,CAN
CAN,CAN
CHN,USA
CHN,USA
CHN,USA
CHN,USA
CHN,USA
CHN,USA
DZA,SAU
DZA,SAU
DZA,SAU
DZA,SAU
DZA,SAU
DZA,SAU
EUR,NGA
EUR,NGA
EUR,RUS
GBR,AUT
GBR,AUT
GBR,AUT
GBR,AUT
GBR,USA
GRC,GRC
GRC,GRC
GRC,GRC
GRC,GRC
GRC,GRC
LBY,RUS
LBY,RUS
POL,POL
PSE,EGY
PSE,EGY
RUS,LBY
RUS,LBY
RUS,LBY
RUS,LBY
RUS,LBY
RUS,LBY
RUS,RUS
SAU,DZA
SAU,DZA
SAU,DZA
SAU,DZA
SAU,DZA
SAU,DZA
UKR,RUS
UKR,RUS
UKR,RUS
UKR,UKR
UKR,UKR
UKR,UKR
USA,CHN
USA,CHN
USA,COL
USA,COL
USA,GBR
USA,USA
USA,NGA
USA,NGA
USA,USA
USA,USA
USA,USA
USA,USA
USA,USA
USA,USA
USA,USA
USA,UKR
USA,CHN
USA,CHN
USA,USA
USA,USA
USA,USA
USA,USA
ISR,PSE
ISR,ISR
ISR,PSE
ISR,PSE
PSE,ISR
PSE,ISR
AFG,USA
AUS,AUS
CAN,AFG
CAN,AFG
CAN,AFG
CAN,AFG
CAN,AFG
CHN,CHN
CHN,CHN
CHN,EUR
CHN,USA
CHN,CHN
CHN,CHN
CRI,USA
CRI,USA
EUR,FRA
FRA,USA
GBR,GBR
GBR,GBR
GBR,GBR
GBR,GBR
GBR,IRL
GBR,USA
GBR,USA
GBR,USA
GBR,USA
GBR,USA
GBR,USA
ISR,ISR
ISR,ISR
ISR,ISR
ISR,PSE
ISR,PSE
ISR,PSE
ISR,PSE
ISR,PSE
ISR,PSE
ISR,ISR
ISR,ISR
ISR,ISR
ISR,ISR
ISR,PSE
LBY,RUS
NZL,NZL
NZL,NZL
NZL,NZL
NZL,NZL
NZL,NZL
NZL,NZL
PSE,ISR
PSE,ISR
PSE,ISR
PSE,ISR
PSE,ISR
PSE,ISR
PSE,ISR
RUS,LBY
USA,CHN
USA,CHN
USA,CHN
USA,DEU
USA,GBR
USA,GBR
USA,GBR
USA,GBR
USA,GBR
USA,GBR
USA,IRN
USA,PER
USA,PHL
USA,PHL
USA,PHL
USA,USA
USA,USA
USA,USA
USA,USA
USA,USA
USA,USA
USA,USA
USA,USA
USA,USA
USA,USA
USA,USA
USA,USA
USA,USA
USA,USA
USA,USA
USA,USA
USA,USA
USA,USA
USA,FRA
USA,FRA
USA,USA
USA,USA
USA,USA
BGD,IND
ESP,GBR
GBR,ESP
GBR,GBR
IND,BGD
IND,BGD
IND,BGD
ISR,PSE
KOR,KOR
NGA,NGA
NGA,NGA
PSE,ISR
PSE,ISR
PSE,PSE
USA,ISL
USA,ISL
USA,JPN
USA,JPN
USA,JPN
USA,JPN
USA,USA
USA,USA
USA,USA
USA,USA
USA,USA
USA,USA
USA,USA
USA,USA
IND,IND
DEU,USA
DEU,USA
AFG,USA
AFG,AFG
AFG,AFG
AFR,NGA
AUS,AUS
AUS,AUS
AUS,THA
AUS,THA
AUT,EUR
AUT,HUN
AUT,HUN
AUT,HUN
AUT,ITA
AUT,ITA
AUT,ITA
BGD,BGD
BGD,IND
CAN,AFG
CAN,AFG
CAN,AFG
CAN,AFG
CAN,CAN
CAN,IRL
CAN,CAN
DEU,ITA
DEU,ITA
DEU,ITA
DEU,RUS
DEU,RUS
DEU,RUS
DEU,RUS
DEU,USA
DEU,USA
EUR,AUT
EUR,HUN
EUR,HUN
EUR,HUN
EUR,SVK
EUR,SVK
FRA,FRA
GBR,IRQ
HUN,AUT
HUN,AUT
HUN,EUR
HUN,EUR
HUN,EUR
IND,BGD
IRQ,GBR
ISR,ISR
ISR,ISR
KOR,AUS
KOR,GHA
KOR,GHA
KOR,GHA
NGA,NGA
NGA,NGA
NGA,NGA
NGA,NGA
NGA,NGA
NGA,NGA
NGA,NGA
USA,USA
PAK,PAK
PSE,ISR
PSE,ISR
PSE,PSE
PSE,PSE
PSE,ISR
PSE,PSE
RUS,CAN
SVK,EUR
SVK,EUR
THA,AUS
THA,AUS
USA,USA
USA,USA
USA,USA
USA,USA
USA,USA
USA,USA
USA,USA
USA,USA
USA,USA
USA,USA
USA,USA
USA,USA
USA,USA
USA,USA
USA,USA
USA,USA
AFG,AFG
USA,USA
USA,USA
AUT,GIN
CAN,CAN
CAN,CAN
CAN,CAN
CAN,CHN
CAN,CHN
CAN,CHN
CAN,CHN
CAN,CHN
CAN,CHN
CAN,USA
CAN,USA
CAN,USA
CHN,CAN
CHN,CAN
CHN,CAN
CHN,CAN
DEU,GBR
DEU,GBR
ESP,CHE
GBR,CHN
GBR,USA
GBR,USA
GBR,GBR
GBR,GBR
GBR,GBR
GBR,GBR
GIN,AUT
GRC,MKD
SEA,MYS
SEA,MYS
SEA,MYS
IND,ISR
IRN,IRQ
ISR,EGY
ISR,EGY
ISR,ISR
ISR,PSE
ISR,ISR
ISR,ISR
ITA,GBR
JAM,JAM
JOR,ISL
LBN,GBR
LBN,GBR
LBN,GBR
LBR,NGA
LBR,NGA
LBR,LBR
LBR,NGA
LBR,NGA
MKD,GRC
MKD,MKD
MKD,MKD
USA,GBR
MYS,SEA
MYS,SEA
PHL,MYS
PHL,MYS
PHL,MYS
PHL,MYS
PSE,EGY
PSE,EGY
PSE,ISR
SAU,ISR
SAU,IDN
SAU,IDN
SAU,IDN
SAU,IDN
SAU,KGZ
USA,EGY
USA,EGY
USA,EUR
USA,USA
USA,USA
USA,USA
USA,USA
USA,USA
USA,USA
USA,USA
USA,USA
USA,USA
USA,USA
USA,USA
USA,USA
USA,MDV
USA,MDV
USA,USA
USA,USA
USA,USA
USA,USA
USA,USA
USA,GBR
USA,USA
USA,EUR
USA,USA
USA,USA
ZAF,AFR
ZAF,ZAF
USA,USA
AFG,GBR
AFG,GBR
AFR,ZAF
AFR,ZAF
ARE,ARE
BEL,RUS
CAN,CAN
DEU,ISR
DEU,ISR
DEU,ISR
DZA,SAU
DZA,SAU
DZA,SAU
EGY,ISR
EGY,ISR
EGY,ISR
EGY,ISR
EUR,FRA
EUR,FRA
FRA,FRA
FRA,FRA
GBR,EUR
GBR,ISR
GBR,ISR
GBR,SWE
GBR,USA
GBR,USA
GBR,ISR
GBR,EUR
EUR,RUS
IND,IND
IND,IND
IRN,ISR
IRQ,GBR
IRQ,GBR
IRQ,IRN
IRQ,IRN
IRQ,USA
IRQ,USA
IRQ,USA
ISR,DEU
ISR,EGY
ISR,IRN
ISR,PSE
ISR,PSE
ISR,PSE
ISR,PSE
ISR,USA
ISR,ISR
ISR,PSE
LBY,LBY
USA,USA
MYS,JPN
MYS,JPN
MYS,MYS
MYS,MYS
NGA,NGA
NGA,NGA
PSE,GBR
PSE,GBR
PSE,IRN
PSE,IRN
PSE,USA
PSE,USA
PSE,USA
PSE,ISR
PSE,ISR
PSE,USA
PSE,ISR
PSE,ISR
PSE,PSE
RUS,BEL
RUS,CHE
RUS,EUR
RUS,WST
RUS,WST
RUS,UKR
RUS,UKR
RUS,USA
RUS,USA
RUS,USA
RUS,USA
RUS,USA
RUS,RUS
SAU,DZA
SAU,DZA
SWE,GBR
SWE,GBR
TJK,UKR
TJK,UKR
TJK,UKR
UKR,TJK
UKR,TJK
UKR,TJK
UKR,TJK
UKR,UKR
UKR,USA
USA,AFG
USA,AFR
USA,GBR
USA,GBR
USA,ISR
USA,ISR
USA,ISR
USA,ISR
USA,USA
USA,MYS
USA,MYS
USA,RUS
USA,RUS
USA,TWN
USA,TWN
USA,UKR
USA,UKR
USA,UKR
USA,USA
USA,USA
USA,USA
USA,USA
USA,USA
USA,USA
USA,RUS
USA,PSE
USA,USA
USA,USA
USA,USA
USA,USA
USA,AFG
ZAF,AFR
ZAF,AFR
